LineID,Clip,Timestamp-Begin,Timestamp-End,Line,Label 1 (Speaker),Label 2 (Speaker's gender),Label 3 (Target),Label 4 (Emotion),,,
1,1,00:00,00:03,我哋而家打仗喇！嗱，畀大家睇下有幾多人喺呢度。,Fiona,Female,"Audience, dad",Excited,,,
2,1,00:03,00:05,梗係有好嘢先至多人㗎啦。,何爸,Male,Fiona,Proud,,,
3,1,00:19,00:21,呢個喺全港最平嘅街市嚟㗎！,Fiona,Female,Audience,Informative,,,
4,1,00:21,00:25,嘩！好大呀！,何爸,Male,Fiona,Impressed,,,
5,1,00:25,00:28,呢條油斑，呢條黃蠟斑。呢啲係好好食㗎，仲好食過東星㗎！,魚檔（男）,Male,"Fiona, dad",Enthusiastic,,,
6,1,00:29,00:30,嗱，新鮮攞嚟㗎！,魚檔（男）,Male,"Fiona, dad",Confident,,,
7,1,00:31,00:31,嘩！,何爸,Male,Self,Surprised,,,
8,1,00:31,00:32,係呀。,魚檔（男）,Male,何爸,Neutral,,,
9,1,00:32,00:35,嘩，一份份賣㗎呢度，真係抵呀真係。,何爸,Male,Fiona,Amazed,,,
10,1,00:35,00:37,如果係朝頭早返嚟呢，就賣晒㗎喇。,魚檔（男）,Male,何爸,Informative,,,
11,1,00:37,00:40,呢個街市最好嘅呢就係明碼實價。,何爸,Male,Fiona,Satisfied,,,
12,1,00:41,00:44,我哋分咗，40蚊、45蚊、50蚊。,Fiona,Female,Audience,Informative,,,
13,1,00:44,00:48,我哋而家喺個人海迫出去喇。,Fiona,Female,Audience,Neutral,,,
14,1,00:55,00:56,逢星期六,Fiona,Female,Audience,Neutral,,,
15,1,00:56,00:57,Family Day,何爸,Male,Audience,Cheerful,,,
16,1,00:57,00:58,喺未開始之前要呼籲大家,Fiona,Female,Audience,Urgent,,,
17,1,00:58,00:59,訂閱,何爸,Male,Audience,Enthusiastic,,,
18,1,00:59,00:59,點解呢？,Fiona,Female,何爸,Curious,,,
19,1,01:00,01:02,因為你訂閱先有好片睇。唔使錢㗎嘛而家。,何爸,Male,Audience,Persuasive,,,
20,1,01:03,01:08,同埋我哋就快有呢個九萬幾喇而家。咁希望快快到十萬訂閱呢，咁同大家分享一下喜悅喇。,Fiona,Female,Audience,Hopeful,,,
21,1,01:09,01:10,今日我哋嚟到邊度？,Fiona,Female,何爸,Curious,,,
22,1,01:10,01:12,深水埗。今日呢要買海鮮，上去排檔加工。,何爸,Male,Fiona,Informative,,,
23,1,01:15,01:21,上次我哋出一條深水埗食燒味喇，咁好多人都有留言話：「不如你哋拍下深水埗喇」。,Fiona,Female,Audience,Conversational,,,
24,1,01:21,01:29,咁其實呢我哋北河街呢，就被譽為全港最便宜嘅街市。我哋上次其實都有堪探過，咁你嗰時嘅感覺係點呀？,Fiona,Female,何爸,Inquisitive,,,
25,1,01:30,01:37,嘩！原來一到買餸時間呢，海鮮檔全部圍滿㗎。上面熟食中心呢都好旺呀。,何爸,Male,Fiona,Impressed,,,
26,1,01:37,01:39,咁我哋上次係4點鐘呀嘛。,Fiona,Female,何爸,Reminiscent,,,
27,1,01:40,01:40,4點鐘。,何爸,Male,Fiona,Neutral,,,
28,1,01:41,01:48,咁今日就轉換下一個時間，就係11 點鐘。即係朝頭早嘅時間喇。就睇下而家北河街街市，係咪同我哋上次一樣咁人來人往喇。,Fiona,Female,Audience,Narrative,,,
29,1,01:48,01:49,計500蚊好唔好呀？,何爸,Male,Fiona,Suggestive,,,
30,1,01:49,01:49,好！,Fiona,Female,何爸,Agreeable,,,
31,1,01:50,01:52,我哋500蚊 budget試下買到幾多野。,Fiona,Female,Audience,Determined,,,
32,1,01:53,01:53,500蚊 budget，可以四道菜吖,何爸,Male,Fiona,Confident,,,
33,1,01:54,01:55,好！咁我哋Go。,Fiona,Female,何爸,Energetic,,,
34,1,01:56,02:00,準備咗呢個500蚊。喂！500蚊四道菜得唔得呀？,Fiona,Female,何爸,Challenging,,,
35,1,02:00,02:05,得啦！可以食啲咩呢？如果食嗰啲好貴嘅就唔得喇。,何爸,Male,Fiona,Pragmatic,,,
36,1,02:06,02:17,幾呀蚊一斤蝦嚟嘅， 畀大家機會，一班朋友嚟，咁你除開佢呢，就好經濟㗎。,何爸,Male,Audience,Persuasive,,,
37,1,02:17,02:29,如果兩個人去計就唔好計喇，大家有機會，10個8個嚟。咁你10個8個，就算一道菜 60 蚊加工費，你 8 個都6、8 480啫，都係 500 蚊加工費啫。我哋兩個犠牲下喇。,何爸,Male,Audience,Humorous,,,
38,1,02:29,02:29,係。而家入去北河街街市。,Fiona,Female,Audience,Neutral,,,
39,1,02:36,02:44,次次都係食海鮮同水有關，今日又落雨喇。,何爸,Male,Fiona,Observational,,,
40,1,02:45,02:47,哦，上次鯉魚門啫。,Fiona,Female,何爸,Dismissive,,,
41,1,02:47,02:48,呀，鯉魚門仲係黑雨添。,何爸,Male,Fiona,Recalling,,,
42,1,02:49,02:49,其他日子都冇嘅,Fiona,Female,何爸,Defensive,,,
43,1,02:51,02:52,鯉魚門仲係黑雨添。,何爸,Male,Fiona,Insistent,,,
44,1,02:55,02:58,到喇喎。我哋睇過呢度。,何爸,Male,Fiona,Expectant,,,
45,1,03:02,03:03,係咪呢檔呀上次係？,Fiona,Female,何爸,Inquisitive,,,
46,1,03:05,03:07,呢檔。好貴呀。,何爸,Male,Fiona,Opinionated,,,
47,1,03:10,03:12,廿蚊咁大條魚嘅？呢個咩蝦呀？。,Fiona,Female,魚檔（男）,Surprised,,,
48,1,03:12,03:13,呢個？呢個九節蝦呀，靚女。,魚檔（男）,Male,Fiona,Friendly,,,
49,1,03:14,03:16,咁大隻嘅，九節蝦?,Fiona,Female,魚檔（男）,Inquisitive,,,
50,1,03:16,03:21,妳都未見過大隻嘅，靚女，呢啲唔算大。,魚檔（男）,Male,Fiona,Playful,,,
51,1,03:21,03:25,嗱，呢個鮑魚，一斤有 5 隻吓。,Fiona,Female,Audience,Informative,,,
52,1,03:27,03:27,$98,何爸,Male,Fiona,Informative,,,
53,1,03:27,03:30,今日嚟呢，冇咁多人，但係都係好旺嘅一佪街市嚟㗎。,Fiona,Female,Audience,Neutral,,,
54,1,03:30,03:31,呢條魚好食嘛？,何爸,Male,魚檔（男）,Inquisitive,,,
55,1,03:33,03:34,你哋根深蒂固㗎喇。去到街市就緊係一定係養魚。,魚檔（男）,Male,何爸,Direct,,,
56,1,03:34,03:37,呢個班都好食㗎。,魚檔（女）,Female,何爸,Recommending,,,
57,1,03:41,03:44,呢兩條邊條好呀？呢條吖？,何爸,Male,魚檔（男）,Deciding,,,
58,1,03:45,03:47,藍瓜子，佢適應水溫就變咗花紋。,魚檔（男）,Male,何爸,Informative,,,
59,1,03:49,03:53,哦。同我揀條靚嘅，拍片呀。,何爸,Male,魚檔（男）,Polite,,,
60,1,03:53,03:54,呢個要介紹吓呀,Fiona,Female,Audience,Enthusiastic,,,
61,1,03:58,03:59,呢條有無一斤呀？,何爸,Male,魚檔（男）,Inquisitive,,,
62,1,04:00,04:00,一斤到。,魚檔（男）,Male,何爸,Informative,,,
63,1,04:01,04:03,嗱，我都心水清，,何爸,Male,魚檔（男）,Satisfied,,,
64,1,04:03,04:05,點分海定養呀？,Fiona,Female,魚檔（男）,Curious,,,
65,1,04:06,04:07,你做咗二三十年就識得分喇。,魚檔（男）,Male,Fiona,Witty,,,
66,1,04:11,04:12,明碼實價喇。,何爸,Male,Fiona,Satisfied,,,
67,1,04:13,04:20,嗱，我哋啱啱有收穫啦。五百蚊紙開始用出嚟。,Fiona,Female,Audience,Satisfied,,,
68,1,04:21,04:22,咩嚟㗎？點解咁隻色嘅？,何爸,Male,魚檔（女）,Curious,,,
69,1,04:23,04:26,呢隻澳洲嘅。嗱，呢隻南非嘅。,魚檔（女）,Female,何爸,Informative,,,
70,1,04:27,04:28,爭咁啲，點解呢？,何爸,Male,魚檔（女）,Curious,,,
71,1,04:29,04:38,地方唔同咁樣。呢個爽口啲，呢隻就腍。,魚檔（女）,Female,何爸,Informative,,,
72,1,04:32,04:32,係同大連鮑魚有分別㗎喎真係。,Fiona,Female,何爸,Observational,,,
73,1,04:38,04:50,嗱，不如今日嚟到呢度幫襯，每樣兩隻。得唔得呀?,何爸,Male,魚檔（女）,Negotiating,,,
74,1,04:45,04:51,得，得。厚肉啲嘅南非，澳洲薄身少少嘅。咁你一攞出嚟就知㗎啦。,魚檔（女）,Female,何爸,Agreeable,,,
75,1,04:52,04:54,市道唔好吖嘛，香港個個禮拜五六都走哂啲人。,魚檔（男）,Male,何爸,Sighing,,,
76,1,04:54,04:55,我今日嚟支持呀。,何爸,Male,魚檔（男）,Supportive,,,
77,1,04:56,04:59,係囉。緊係啦，要留番喺香港洗下錢至得㗎。,魚檔（男）,Male,何爸,Encouraging,,,
78,1,05:01,05:03,南非鮑魚。我哋今次試哂兩款。,Fiona,Female,Audience,Neutral,,,
79,1,05:04,05:11,好重呀。我哋兩個人食四隻都夠喇嗬? 多就唔好食。點樣整好食呀？,何爸,Male,魚檔（女）,Inquisitive,,,
80,1,05:13,05:13,試個好嘅。,魚檔（男）,Male,何爸,Suggestive,,,
81,1,05:13,05:14,蒸吖，蒸果皮試。,魚檔（女）,Female,何爸,Suggestive,,,
82,1,05:14,05:15,好食就番嚟買喇吓！,何爸,Male,魚檔（女）,Friendly,,,
83,1,05:19,05:19,九節蝦。,何爸,Male,魚檔（女）,Identifying,,,
84,1,05:20,05:23,係呀，呢啲越南嚟。,魚檔（女）,Female,何爸,Informative,,,
85,1,05:23,05:24,喂！有啲紅色，有啲青色。,何爸,Male,魚檔（女）,Curious,,,
86,1,05:25,05:27,每樣有啲。有啲白身啲㗎。,魚檔（女）,Female,何爸,Informative,,,
87,1,05:27,05:27,邊樣好啲呀？,何爸,Male,魚檔（女）,Curious,,,
88,1,05:28,05:28,一樣之嘛。,魚檔（女）,Female,何爸,Honest,,,
89,1,05:28,05:30,有啲好黑㗎。,何爸,Male,魚檔（女）,Observational,,,
90,1,05:30,05:34,啱啱去咗殼呢個殼就白身啲嘅，軟身啲嘅。,魚檔（女）,Female,何爸,Informative,,,
91,1,05:34,05:36,八隻啦，唔好咁多喇吓。,何爸,Male,魚檔（女）,Decisive,,,
92,1,05:38,05:40,揀就揀啲，唔好嘅執番落去。,何爸,Male,魚檔（女）,Particular,,,
93,1,05:40,05:44,$389呀？$388 啦！好聽啲。,何爸,Male,魚檔（女）,Negotiating,,,
94,1,05:48,05:48,你又唔要$390!,魚檔（女）,Female,何爸,Playful,,,
95,1,05:51,06:02,嗱，即係咁樣，建立咗個關係呢，事頭婆都幾好。380。嗱，呢啲我唔食喇，食一條瓜子班。今年第一次食。,何爸,Male,Fiona,Satisfied,,,
96,1,06:02,06:15,如果要加工海鮮邊檔好呀？,Fiona,Female,魚檔（女）,Inquisitive,,,
97,1,06:06,06:09,加工⋯周圍都有吖 。上面三樓嗰度吖。,魚檔（女）,Female,Fiona,Suggestive,,,
98,1,06:09,06:09,咩名呀？,何爸,Male,魚檔（女）,Curious,,,
99,1,06:10,06:15,「大利」囉。我喺呢度?幾多年呀？四十幾年。,魚檔（女）,Female,何爸,Proud,,,
100,1,06:15,06:16,啊，四十幾年喇?,Fiona,Female,魚檔（女）,Surprised,,,
101,1,06:17,06:17,係呀。,魚檔（女）,Female,Fiona,Neutral,,,
102,1,06:18,06:20,我一眼睇到佢都老實嚟嘅 。,何爸,Male,Fiona,Confident,,,
103,1,06:21,06:25,四十幾年啦，就嚟退休啦！我哋輕鬆下。,魚檔（女）,Female,何爸,Sighing,,,
104,1,06:25,06:25,嗰個係你先生呀？,何爸,Male,魚檔（女）,Curious,,,
105,1,06:25,06:26,係呀。,魚檔（女）,Female,何爸,Neutral,,,
106,1,06:26,06:37,嘩，拍硬檔呀。即係以前我哋嗰代都係呀。即係兩老就係一手一腳湊大啲細佬嗬，好辛苦呀。,何爸,Male,魚檔（女）,Sympathetic,,,
107,1,06:37,06:37,係啊。經歷㗎喇。,魚檔（女）,Female,何爸,Resigned,,,
108,1,06:38,06:46,我成日都講好辛苦㗎劏魚，又要賣。繼續俾心機做，好生意。,何爸,Male,魚檔（女）,Encouraging,,,
109,1,06:46,06:58,退休好啲！而家我哋 hea住做㗎咋我哋。年紀大啦。比你叻都唔會叻得去邊。最主要請人做太勞氣喇。,魚檔（女）,Female,何爸,Weary,,,
110,1,06:58,07:03,嗱，退咗休睇片呀，睇我哋兩個嘅片呀得閒。,何爸,Male,魚檔（女）,Friendly,,,
111,1,07:04,07:04,好呀，好呀。,魚檔（女）,Female,何爸,Cheerful,,,
112,1,07:06,07:10,幫阿姐買啲蟶子食下先。,何爸,Male,魚檔2（女）,Decisive,,,
113,1,07:10,07:11,大隻，大隻。,魚檔2（女）,Female,何爸,Selling,,,
114,1,07:12,07:20,大隻，三個⋯兩個人食。六支得啦?,何爸,Male,魚檔2（女）,Inquisitive,,,
115,1,07:21,07:21,四隻夠啦！,魚檔2（女）,Female,何爸,Honest,,,
116,1,07:21,07:26,哦，四隻呀?好。你估幾多錢呀?俾你估下。四支，160蚊斤。,何爸,Male,Fiona,Playful,,,
117,1,07:27,07:27,$500！,Fiona,Female,何爸,Guessing,,,
118,1,07:28,07:28,100蚊啫。,魚檔2（女）,Female,何爸/Fiona,Informative,,,
119,1,07:29,07:43,哎呀~好囉好囉！我哋攞住500蚊買晒喇。剩番廿蚊唔好買喇。買葱喇。 家姐，點樣整呀?點樣整好呀?,何爸,Male,魚檔2（女）,Excited,,,
120,1,07:45,07:45,蒸囉。,魚檔2（女）,Female,何爸,Suggestive,,,
121,1,07:46,07:52,蒸呀? 蒜蓉粉絲蒸。都係喇，同我心中所諗 — 蒜蓉粉絲蒸。,何爸,Male,Fiona,Satisfied,,,
122,1,07:54,07:55,但蝦已經豉椒炒蟶子囉。,Fiona,Female,何爸,Correcting,,,
123,1,07:56,07:57,可以蒸豉油皇嘛！,何爸,Male,Fiona,Explaining,,,
124,1,07:58,07:59,我哋而家剩番幾多錢呀?,Fiona,Female,何爸,Curious,,,
125,1,08:00,08:00,廿蚊呀。,何爸,Male,Fiona,Informative,,,
126,1,08:01,10:00,(廣告) 多謝大家收睇到呢度。介紹德國Emma床褥、記憶枕頭及防水保護套。100日試瞓服務，優惠碼九折。,Fiona,Female,Audience,Commercial,,,
127,1,10:00,10:04,正式海鮮餐呀。我諗樣樣都啱你食。,何爸,Male,Fiona,Anticipating,,,
128,1,10:04,10:05,五百蚊得唔得呢？,Fiona,Female,何爸,Skeptical,,,
129,1,10:06,10:13,五百蚊 ? 五百蚊加工唔駛，唔駛五百，最多係六十至八十蚊一道啦。,何爸,Male,Fiona,Calculating,,,
130,1,10:14,10:14,即係比酒樓應該平嘅。,Fiona,Female,何爸,Analytical,,,
131,1,10:14,10:20,貴與平唔緊要嘅，我覺得。俾人知道啫。,何爸,Male,Fiona,Indifferent,,,
132,1,10:20,10:20,最緊要好食。,Fiona,Female,何爸,Agreeable,,,
133,1,10:23,10:26,我買條魚一百幾蚊，你整得唔好食嘅，就哂咗佢啦。,何爸,Male,Fiona,Logical,,,
134,1,10:26,10:38,因為我哋呢上次喺大成街黃大仙都拍過一條呢喺下面個街市買上去食。咁嗰陣時大成街算係平嘅，我覺得。同埋都幾抵食嘅。,Fiona,Female,Audience,Recalling,,,
135,1,10:38,10:39,我記得都係300蚊度啫。,何爸,Male,Fiona,Agreeable,,,
136,1,10:39,10:50,但係呢，佢最鍾意應該係鯉魚門。佢成日話呢拍多條片下次買十樣海鮮過去鯉魚門嗰度加工。,Fiona,Female,Audience,Playful,,,
137,1,10:50,10:51,喂，到喇。有機會呀。,何爸,Male,Fiona,Alert,,,
138,1,10:51,10:58,咁我哋而家就喺北河街嘅三樓。咁就學啱入到嚟喇。,Fiona,Female,Audience,Informative,,,
139,1,10:58,11:01,啊，呢度啦學。加工海鮮。,何爸,Male,Fiona,Identifying,,,
140,1,11:01,11:04,好，點樣整呀?豉椒炒蟶子呀?,店員（女）,Female,何爸,Inquisitive,,,
141,1,11:05,11:07,豉椒炒蟶子都好喎。一係蒜蓉粉絲蒸。,何爸,Male,店員（女）,Deciding,,,
142,1,11:10,11:10,蒜蓉粉絲蒸。,Fiona,Female,店員（女）,Agreeable,,,
143,1,11:11,11:18,嗱，呢個呢70蚊。加粉絲就15蚊，唔該。蝦點整？白灼 。,店員（女）,Female,何爸,Informative,,,
144,1,11:18,11:20,豉油王啦！,何爸,Male,店員（女）,Decisive,,,
145,1,11:20,11:20,70,店員（女）,Female,何爸,Informative,,,
146,1,11:21,11:22,70。如果白灼呢?,何爸,Male,店員（女）,Curious,,,
147,1,11:23,11:25,白灼就60。呢個清蒸啦，唔使問你㗎喇。,店員（女）,Female,何爸,Direct,,,
148,1,11:26,11:26,係呀。,何爸,Male,店員（女）,Agreeable,,,
149,1,11:27,11:27,呢個60。,店員（女）,Female,何爸,Informative,,,
150,1,11:29,11:30,60好， 抵食呀清蒸。,何爸,Male,Fiona,Satisfied,,,
151,1,11:30,11:32,呢個果皮蒸鮑魚，60。,店員（女）,Female,何爸,Informative,,,
152,1,11:32,11:33,60。,何爸,Male,店員（女）,Neutral,,,
153,1,11:33,11:34,O唔OK?,店員（女）,Female,何爸,Confirming,,,
154,1,11:34,11:43,OK ， 我OK 嘅 。即係話到時啲觀眾話嘩！又話貴呀！唔上嚟呀。,何爸,Male,Audience,Sarcastic,,,
155,1,11:43,11:48,我呢到好均真㗎做嘢。係咁多就係咁多。,店員（女）,Female,何爸,Confident,,,
156,1,11:48,11:49,喂，呢度係咪裝過修嚟呀?,Fiona,Female,店員（女）,Curious,,,
157,1,11:50,11:52,你睇吓係咪裝過修嚟。,店員（女）,Female,Fiona,Evading,,,
158,1,11:52,11:53,我覺得都唔係好新。,Fiona,Female,Audience,Observational,,,
159,1,11:54,11:56,厠所就裝修，就嚟豪裝㗎喇。,店員（女）,Female,Fiona,Humorous,,,
160,1,11:56,12:06,樓下海鮮檔嘅姐姐就話去大利食，咁我哋就跟佢嚟大利食喇。香港應該攪下呢啲遊客嘅地方。,Fiona,Female,Audience,Suggestive,,,
161,1,12:07,12:08,真係大排檔價錢。,何爸,Male,Fiona,Impressed,,,
162,1,12:08,12:09,你去邊度都揾到咁平,店員（女）,Female,何爸,Proud,,,
163,1,12:10,12:11,係喎，四十幾蚊。,Fiona,Female,Audience,Impressed,,,
164,1,12:11,12:12,深水埗下哇。,何爸,Male,店員（女）,Proud,,,
165,1,12:12,12:13,一流啊，呢度啲炒嘢真係。,店員（女）,Female,何爸,Boastful,,,
166,1,12:14,12:19,有時呢，咖喱牛腩飯我最鍾意食呀學。46。,何爸,Male,Fiona,Satisfied,,,
167,1,12:21,12:23,你哋咁多鋪嘅?對面都係你哋㗎喎。,Fiona,Female,店員（女）,Surprised,,,
168,1,12:24,12:26,嚇！係呀係呀，啲燒鹅又係好正㗎！,店員（女）,Female,Fiona,Proud,,,
169,1,12:26,12:31,唏?你又知我鍾意食燒鹅? 睇到我上面學寫住燒鹅。,何爸,Male,店員（女）,Playful,,,
170,1,12:33,12:35,好大隻嘅九節蝦!,Fiona,Female,Audience,Impressed,,,
171,1,12:36,12:39,好喇，試下味先。凍咗唔好食。,何爸,Male,Fiona,Urgent,,,
172,1,12:43,12:45,128蚊 一斤，我哋叫咗 8 隻。咁而家100蚊。,Fiona,Female,Audience,Informative,,,
173,1,12:47,13:04,我正話買嘅時候呢，阿姐親自揀俾我㗎。佢揀咗四隻。嘩！湛多啲豉油。呢啲精華所在。,何爸,Male,Fiona,Enjoying,,,
174,1,13:04,13:13,蟶子。其實佢雖然係大排檔呢，但佢個賣相係都唔差㗎喎。,Fiona,Female,Audience,Appreciative,,,
175,1,13:13,13:18,我發覺呢醬油幾好，個醬油調得唔錯。,何爸,Male,Fiona,Satisfied,,,
176,1,13:20,13:21,澳洲、呢個南非。,Fiona,Female,Audience,Identifying,,,
177,1,13:21,13:23,即係你食完之後你會選咩先?,何爸,Male,Fiona,Inquisitive,,,
178,1,13:23,13:24,咁不如我試吓先啦。,Fiona,Female,何爸,Neutral,,,
179,1,13:25,13:30,嗱，未試之前呢，我就揀澳洲喇。,何爸,Male,Fiona,Biased,,,
180,1,13:30,13:32,嚇?係呀?因為你鍾意澳洲呀?,Fiona,Female,何爸,Curious,,,
181,1,13:32,13:35,澳洲係爽嘅，南非就厚肉啲。,何爸,Male,Fiona,Expert,,,
182,1,13:36,13:44,澳洲呢都有啲果皮喺上面。同埋呢其實佢個背蒸完都係學綠色嘅。咁不如我哋試下呢個。,Fiona,Female,Audience,Observational,,,
183,1,13:44,13:45,好，一齊澳洲啦！,何爸,Male,Fiona,Cheerful,,,
184,1,13:46,13:49,不過南非我就食過，澳洲就真係少食喇。,Fiona,Female,何爸,Conversational,,,
185,1,13:49,13:57,嘩嚇。其實呢度一隻都好飽呀。係爽㗎。澳洲係爽㗎。肉都好厚嘅。,何爸,Male,Fiona,Enjoying,,,
186,1,13:59,14:00,同埋佢唔韌囉。,Fiona,Female,何爸,Satisfied,,,
187,1,14:01,14:21,睇幾厚。緊係好嘢啦！早期呢啲300蚊一斤呀。而家，唉！一句話，經濟唔好呀。呢啲呀，如何喺西餐廰呢，直情你喺中式餐廳呢俾把刀你，慢慢切慢慢切。,何爸,Male,Fiona/Audience,Nostalgic,,,
188,1,14:22,14:30,都好厚肉啊！冇呃到大家㗎，睇下！幾厚肉。呢個好食喎！但你問我澳洲同南非，我鍾意南非多啲。,Fiona,Female,Audience,Sincere,,,
189,1,14:32,14:39,開魚要點樣開呀? 我學一轉先。 好多人唔識開魚。,何爸,Male,店員（女）,Inquisitive,,,
190,1,14:39,14:43,你要開咗啲肉，食咗啲肉先。,店員（女）,Female,何爸,Educational,,,
191,1,14:45,14:47,嗱，呢個係教學嚟㗎。,何爸,Male,Audience,Helpful,,,
192,1,14:47,14:50,咁就食得，咁就慢慢慢慢切開。,店員（女）,Female,何爸,Educational,,,
193,1,14:50,14:52,係，學咁就得㗎喇。,何爸,Male,店員（女）,Satisfied,,,
194,1,14:53,14:54,早啲食，如果唔係呢啲魚凍咗唔好食。,店員（女）,Female,何爸,Thoughtful,,,
195,1,14:54,14:57,食魚湛啲豉油，食魚。,何爸,Male,Fiona,Practical,,,
196,1,14:57,15:02,可以倒啲豉油上嚟呢度。,Fiona,Female,何爸,Helpful,,,
197,1,15:02,15:05,係。藍瓜子斑呀呢個。,何爸,Male,Fiona,Identifying,,,
198,1,15:05,15:06,168 都幾大條。,Fiona,Female,Audience,Impressed,,,
199,1,15:07,15:09,一睇就知 OK啦。,何爸,Male,Fiona,Confident,,,
200,1,15:09,15:13,我見你去到個魚檔都冇乜點諗就買喇。,Fiona,Female,何爸,Observational,,,
201,1,15:13,15:21,唉！而家嚟到買嘢，你預啱嘅，佢明碼實價。,何爸,Male,Fiona,Satisfied,,,
202,1,15:21,15:26,我哋今日好早呀！我哋今日15分鐘唔洗買完上嚟。,Fiona,Female,Audience,Proud,,,
203,1,15:27,15:38,咁呀好有信心吖嘛。啫係睇啲人老實，又明碼實價，又唔係呃你。呢個魚呢，你話認真好滑呢又唔係。,何爸,Male,Fiona,Objective,,,
204,1,15:38,15:40,佢唔算好滑。,Fiona,Female,何爸,Agreeable,,,
205,1,15:40,15:47,唔算好滑，但係可以，有油脂。咁都食得晒喎。,何爸,Male,Fiona,Satisfied,,,
206,1,15:47,15:51,係呀。要唔要燒鹅呀?,Fiona,Female,何爸,Inquisitive,,,
207,1,15:51,16:02,唔愛。燒鹅就睇見唔係好吸引。因為我埋過去睇過。,何爸,Male,Fiona,Opinionated,,,
208,1,16:02,16:02,係。,Fiona,Female,何爸,Agreeable,,,
209,1,16:03,16:04,如果啱啱燒出嚟呢，滴緊油呢，我就會食。,何爸,Male,Fiona,Selective,,,
210,1,16:05,16:05,好似擺咗喺度好耐㗎。,Fiona,Female,何爸,Agreeable,,,
211,1,16:06,16:13,係呀。自己要食好啲。俾個女就求其得喇。,何爸,Male,Fiona,Teasing,,,
212,1,16:14,16:17,309。咁有一枝啤酒包咗。,Fiona,Female,Audience,Informative,,,
213,1,16:17,16:22,記住！振興本地經濟。留港消費就最好喇。,何爸,Male,Audience,Encouraging,,,
214,1,16:22,16:23,"Hi,你好。",何爸,Male,男食客,Friendly,,,
215,1,16:24,16:25,Hello! 好大份呀！,Fiona,Female,男食客,Surprised,,,
216,1,16:26,16:27,好大份。係咪成日過嚟食呀?,何爸,Male,男食客,Curious,,,
217,1,16:28,16:28,唔係。,男食客,Male,何爸,Brief,,,
218,1,16:29,16:31,真係食得晒㗎?嘩好大碟呀！,Fiona,Female,男食客,Surprised,,,
219,1,16:32,16:33,Bye Bye,何爸,Male,男食客,Friendly,,,
220,1,16:33,16:36,阿爸，有今日呢喺深水埗試到海鮮嘅感覺點呀?,Fiona,Female,何爸,Inquisitive,,,
221,1,16:36,17:00,幾好呀！下面買完 15 分鐘，上面坐低又歎啤酒食海鮮。咁呀，兩個人呢，就覺得貴啲。如果四個至六個呢，我相信都係咁嘅價錢㗎啫。叫多碟干炒牛河呀，或者炒飯呀。就已經大滿足喇。一人都係百零二百蚊。,何爸,Male,Audience,Satisfied,,,
222,1,17:01,17:07,我哋買海鮮 買咗480，跟住頭先埋單加工費連埋一枝啤酒就 309蚊。,Fiona,Female,Audience,Summary,,,
223,1,17:08,17:09,即係二百幾啫唔計啤酒。咁計數。,何爸,Male,Fiona,Analytical,,,
224,1,17:09,17:15,係係係，二百幾。都ok呀我覺得。唔好嫌棄坐得即係唔係好靚。,Fiona,Female,Audience,Pragmatic,,,
225,1,17:15,17:17,唔係喎，今日唔錯喎。我覺得啲地方唔知係咪...,何爸,Male,Fiona,Opinionated,,,
226,1,17:17,17:22,係，冷氣夠嘅，不過硬櫈囉。,Fiona,Female,何爸,Objective,,,
227,1,17:23,17:29,係冇咁多人食，靜咗啲，可能。即閑日靜咗啲。夜晚就唔知喇。,何爸,Male,Fiona,Observational,,,
228,1,17:30,17:31,夜晚應該會旺啲嘅。,Fiona,Female,何爸,Agreeable,,,
229,1,17:31,17:40,因為佢到話喇，夜晚可以係八個十個喺下面，趁住海鮮平呀嘛，通常五點六點啲海鮮呢平啲㗎。,何爸,Male,Audience,Informative,,,
230,1,17:40,17:44,啊係，咁就即刻買上去嘅。啊，咁就正好多喎！,Fiona,Female,何爸,Enthusiastic,,,
231,1,17:44,17:46,中午嗰啲又另外吖。,何爸,Male,Fiona,Neutral,,,
232,1,17:47,18:03,"咁如果呢，之後大家有咩海鮮推介嘅鋪頭呢，都歡迎留言話俾我哋聽，我哋會繼續去食多啲海鮮，飲多啲茶，去多啲地方玩。
下個禮拜呢應該嚟緊有個越南嘅片會出嘅，咁大家記得留意吓喇。最後提一提大家記得...",Fiona,Female,Audience,Inviting,,,
233,1,18:04,18:06,越南嗰條片正呀！,何爸,Male,Audience,Enthusiastic,,,
234,1,18:06,18:11,係，我哋玩得好開心呀。咁最後記得咩呀?,Fiona,Female,何爸,Cheerful,,,
235,1,18:11,18:25,訂閱、留言、讚好。讚好緊要啦！而家我諗吓條條片都讚好呀。好少人話彈嘅。如果有咩意見都可以反映嘅。,何爸,Male,Audience,Urgent,,,
236,1,18:25,18:30,可以喺IG PM我都冇問題。咁我哋下集再見啦！記得留言俾我哋。拜拜。,Fiona,Female,Audience,Friendly,,,
237,1,18:33,18:50,食完又買喎。呢啲呢，就係何媽冇嚟，買番去俾佢食。一條藍瓜子，咁就四隻南非鮑魚。一隻南非鮑魚都四十蚊呀！,何爸,Male,Fiona/Audience,Thoughtful,,,
238,1,18:51,18:52,姑姐俾錢呀！,Fiona,Female,何爸,Witty,,,
1,2,00:00,00:02,哇，睇下幾大。,Fiona,Female,"Audience, dad",Excited,,,
2,2,00:02,00:07,係啦，你記唔記得呀？我哋喺鯉魚門三百八十呀。,何爸,Male,Fiona,Proud,,,
3,2,00:07,00:10,呢個係馬拉嘅虎蝦。寄返嚟㗎，手臂咁大！,魚檔2（男),Male,"Fiona, dad",Enthusiastic,,,
4,2,00:10,00:13,嘩好大隻呀，仲大過塊面啊！,Fiona,Female,"Audience, dad",Impressed,,,
5,2,00:13,00:16,係啦，食咗肚痛冇得詐型呀！平時唔准㗎，個個都唔准㗎!,魚檔2（男),Male,"Fiona, dad",Humorous,,,
6,2,00:17,00:17,超甜呀！,Fiona,Female,"Audience, dad",Surprised,,,
7,2,00:18,00:19,呢個就係叫做加拿大蚌囉！,魚檔2（男),Male,"Fiona, dad",Informative,,,
8,2,00:19,00:20,孜然味。,店員（男),Male,"Fiona, dad",Neutral,,,
9,2,00:20,00:22,有蔥味同埋孜然味,Fiona,Female,"Audience, dad",Informative,,,
10,2,00:22,00:24,去打邊爐就精品。,何爸,Male,Fiona,Satisfied,,,
11,2,00:24,00:27,最後一年過冬要幫襯你啊？,Fiona,Female,偉哥,Friendly,,,
12,2,00:27,00:33,梗係要啦，俾阿蔡瀾搞到佢鬼咁火辣！嗱，呢個就全隻牛最貴㗎啦!,肉檔,Male,"Fiona, dad",Boastful,,,
13,2,00:34,00:36,呢個我退咗休冇得食。,何爸,Male,"Fiona, 偉哥",Sighing,,,
14,2,00:37,00:38,咩嘢叫做大戰九哥啊？,店員2(女),Female,Fiona,Curious,,,
15,2,00:38,00:39,你係咪去啫？,Fiona,Female,店員2(女),Challenging,,,
16,2,00:39,00:40,唔去！,店員2(女),Female,Fiona,Determined,,,
17,2,00:41,00:42,大家冬至快樂！,姪仔,Male,Audience,Cheerful,,,
18,2,00:43,00:44,好啦。俾個戲份你啦，最後。,Fiona,Female,姪仔,Playful,,,
19,2,01:00,01:02,歡迎大家返嚟我哋嘅Channel。講口號！,Fiona,Female,Audience,Energetic,,,
20,2,01:02,01:04,逢星期六要family day。,何爸,Male,Audience,Determined,,,
21,2,01:04,01:06,提早做冬！,Fiona,Female,Audience,Excited,,,
22,2,01:07,01:08,冬至要好豐富㗎喎！,何爸,Male,Fiona,Anticipating,,,
23,2,01:08,01:08,係呀。,Fiona,Female,何爸,Neutral,,,
24,2,01:08,01:09,冬大過年呀嘛。,何爸,Male,Audience,Informative,,,
25,2,01:10,01:30,"係！因為呢今日我阿哥啦，都會嚟我屋企度打邊爐嘅。咁點解打邊爐呢？就係因為好似唔使搞，最後又要花費好多功夫去買餸啦，又要籌備一個好豐富嘅打邊爐宴啦，就招待成家人嚟我屋企打邊爐就招待成家人嚟我屋企打邊爐喇背後又要花費好多功夫去買餸啦，會籌備一個好豐富嘅打邊爐宴呢就招待成家人嚟我屋企打邊爐。
咁你今日嘅路線呢就係旺角九龍城，咁知唔知買啲咩呢？",Fiona,Female,"Audience, dad",Narrative,,,
26,2,01:31,01:33,嘩，今日犀利喇。旺角梗係買海鮮啦！,何爸,Male,Fiona,Excited,,,
27,2,01:34,01:34,係！,Fiona,Female,何爸,Neutral,,,
28,2,01:35,01:42,咁去九龍城搵三寶。嗱，邊三寶呢？一陣間賣個關子。,何爸,Male,Audience,Playful,,,
29,2,01:42,01:45,其實好多人都知。不如我哋攞千五蚊出嚟。,Fiona,Female,何爸,Determined,,,
30,2,01:46,01:47,嘩，千五蚊真係好豐富喎！,何爸,Male,Fiona,Surprised,,,
31,2,01:47,01:57,"今日五個大人，阿陳生今日去咗旅行。
五個大人加一個小朋友。咁就千五蚊去籌備呢個做冬飯睇吓有啲咩。其實可能最後會 over budget。",Fiona,Female,"Audience, dad",Planning,,,
32,2,01:57,01:58,唔使啩 。,何爸,Male,Fiona,Skeptical,,,
33,2,01:58,02:02,咁我哋而家去旺角街市買海鮮喇！,Fiona,Female,Audience,Energetic,,,
34,2,02:14,02:20,培哥、培嫂！嘩！自己親自喺度做啊！,Fiona,Female,"培哥, 培嫂",Warm,,,
35,2,02:20,02:34,你應該介紹個妹俾我識嘛！介紹老竇俾我識。你好，我隻手污糟。今日有好多嘢食㗎，啲花竹呢，呢兩日賣二百零蚊一斤。嗰啲馬拉虎蝦又貴囉。,培哥,Male,"Fiona, 何爸",Friendly/Sales,,,
36,2,02:34,02:40,下個禮拜六出呢冬至會唔會貴好多啊？,Fiona,Female,培哥,Curious,,,
37,2,02:40,02:41,會貴呀。會貴呀。,培哥,Male,Fiona,Informative,,,
38,2,02:41,02:42,貴好多啊，冬至。,Fiona,Female,培哥,Concerned,,,
39,2,02:42,03:02,"因為佢凍呀嘛，周圍都入冬。
例如如果今日蟶子咁，早輪賣90幾蚊呢兩日賣180 蚊，賣240蚊
因為佢嗰邊又落雪呀，又出唔到海，之間就貴咗好多。
早輪買90幾蚊蟶子咁樣好似
呢啲喺馬拉返嚟嘅，大概係半斤10両一隻啦
呢排呢啲花竹呢可能佢可能佢呢就休漁期之後連續打咗幾下風，咁呀…",培哥,Male,"Fiona, 何爸",Professional,,,
40,2,03:11,03:12,本身咁大隻㗎？,Fiona,Female,培哥,Surprised,,,
41,2,03:12,03:26,"好大隻呀
佢280蚊。佢呢個時間本身年年都四百幾㗎。 
咁點解二百幾蚊？二百零蚊食到呢？就係因為打咗幾下風未捉到佢咁而家出返啦，同埋啱啱做冬前都有平花竹食囉！
",培哥,Male,"Fiona, 何爸",Enthusiastic,,,
42,2,03:27,03:27,好大隻呀!,何爸,Male,Fiona,Amazed,,,
43,2,03:27,03:54,"嗱，你可以攪一斤背，五個人攪一斤。
個頭攞去打邊爐啦，個尾我幫你拖佢刺身啦，好冇？
嗱，咁象拔蚌就好喇。
我幫你切埋吖嘛。
呢個夠你食㗎喇，呢個大概呢就係乾申請呢就係一斤10両到啦，大概就係六百零蚊到，野生蚌嚟嘅。
有啲雪白色嘅加拿大貨，野山貨；
有啲就係咁黃色嘅，呢啲係堅嘢囉，出嚟就黃色呀白色嘅。
",培哥,Male,"Fiona, 何爸",Expert,,,
44,2,03:55,03:56,係咪成隻都可以食㗎？,Fiona,Female,培哥,Inquisitive,,,
45,2,03:56,04:23,"係喇，你生食就唔會一浸鹹水味囉。
鹹水味就好似好腥嗰啲就係平囉！
咁呢啲就食完個口就放甜嘅。
好，呢度一斤。大隻嘅就有五六隻啦，細隻嘅就有六隻，咁就11隻囉。
呢度280蚊。
好，象拔蚌，我幫你秤一秤先。
就560蚊。
",培哥,Male,"Fiona, 何爸",Informative,,,
46,2,04:23,04:23,包唔包切呀？,Fiona,Female,培哥,Clarifying,,,
47,2,04:23,04:41,"嗱，幫你切埋嘅係。
而家去打邊爐呢，啲蠔就必食嘅。
呢個呢就係叫做神州蠔汕尾蠔神州蠔。就如果你講係本地號呢，佢就應該係天花板喇。可以試吓啦。
正價係百一蚊嘅，我收你一舊水啦。
",培哥,Male,"Fiona, 何爸",Generous,,,
48,2,04:41,04:42,有冇啲特別啲啊？,Fiona,Female,培哥,Inquisitive,,,
49,2,04:42,04:43,特別啲蝴蝶蚌囉！,培哥,Male,Fiona,Suggestive,,,
50,2,04:43,04:45,蝴蝶蚌多唔多地方有得賣呀？有間越南粉面檔呢，佢嗰啲椰水呢，煮好好食㗎。,Fiona,Female,培哥,Knowledgeable,,,
51,2,04:45,04:56,係啊係啊係啊係啊，好清㗎，嗰陣味好清㗎，係冇錯冇錯。哇，你咁勁嘅？哇，我哋我哋都未識食，你又識食。,培哥,Male,Fiona,Impressed,,,
52,2,04:56,05:01,但係，但係一百四十八，呢個價錢都算OK㗎，我見過有啲係一九八囉。,Fiona,Female,培哥,Analytical,,,
53,2,05:01,05:16,唉，佢而家咁你而家經濟咁差，嗰啲販貨嗰啲人，翻幾百斤幾百斤，佢哋賺少啲，我哋咪我哋咪又又為大家為咯， 大家都有個虛位囉。但因應個市場海鮮，都係嗰句海鮮價。100蚊。,培哥,Male,"Fiona, 何爸",Resigned,,,
54,2,05:17,05:18,喂，呢度total幾多錢呀？,Fiona,Female,培哥,Curious,,,
55,2,05:18,05:27,1040。咁呀1040通常過$1000陪哥就送少少墨魚膠你食啦！好過八折啦！今晚夠食㗎喇？,培哥,Male,"Fiona, 何爸",Generous,,,
56,2,05:28,05:38,咁多年呢培哥都係金毛培嚟㗎。佢係冇變過。所以呢大家嚟到呢旺角呢個街市可以認住佢有嘜頭就係金毛嘅，但係我講可能有折。,Fiona,Female,Audience,Appreciative,,,
57,2,05:38,05:39,有有有,培哥,Male,Fiona,Cheerful,,,
58,2,05:40,05:50,"送墨魚膠，其實個個都有送。
係真係日日好早起身，落去流浮山市場度買海鮮。
雖然佢揾好多啦，佢揾到但係...
",Fiona,Female,Audience,Narrative,,,
59,2,05:51,05:52,哎呀都唔係㗎，我鍾意食海鮮。,培哥,Male,Fiona,Humble,,,
60,2,05:53,05:56,佢揾到但係日日都喺度做嘢啦，完全係冇停過嘅。,Fiona,Female,Audience,Respectful,,,
61,2,05:57,05:57,冇停過，冇停過。,培哥,Male,Fiona,Determined,,,
62,2,05:58,05:59,初一先休息。,何爸,Male,"Fiona, 培哥",Informative,,,
63,2,05:59,06:06,淨係初一。初一我哋會去拜吓神啊，係啦，係嗰啲天后廟啊。,培哥,Male,"Fiona, 何爸",Devotional,,,
64,2,06:06,06:09,每次揾佢呢都係嗰啲WhatsApp勁快咁講完收綫。,Fiona,Female,Audience,Playful,,,
65,2,06:09,06:13,你知唔知啊？正話我嚟到啊，哎呀，金毛唔得閒呀，今日好忙啊。,何爸,Male,Fiona,Observational,,,
66,2,06:13,06:13,係呀。,培哥,Male,何爸,Neutral,,,
67,2,06:14,06:19,喺流浮山市場入貨呢，其實有咩唔同呢？令到你個海鮮檔有咩唔同呀？,Fiona,Female,培哥,Inquisitive,,,
68,2,06:19,07:02,因為我住喺新界，都幾十年啦都喺嗰度買嘅。我住喺新界，都幾十年啦都喺嗰度買嘅。其實有各個地方嘅市場呢有各個地方嘅特色嘅。打個比喻，我流浮山就冇啲本地艇仔漁船嘅，咁佢嗰邊有啲本地艇仔漁船嘅咪有優勢囉。咁我哋嗰邊呢就啱啱近住蛇口，咪有啲大陸人嗰啲漁船捉到啲嘢呢，就喺個海陸中間個海陸交收，因為唔俾過嚟啦嘛而家。咁我哋咪有優勢又平啲囉。咁即係各個海鮮市場有各個嘅嘅特色嘅。打個比喻你問佢攞條野生金鼓俾你食，冇啊，鱲魚仔金鼓仔。咁我哋係有呀，因為我哋仲有啲人喺個蠔牌度作業緊，捉到可以賣平啲俾我哋賣，我再賣出嚟，我哋入邊入邊有空間去賺錢囉。,培哥,Male,"Fiona, 何爸",Informative/Expert,,,
69,2,07:02,07:05,培哥就係流浮山人嚟嘅。,Fiona,Female,Audience,Informative,,,
70,2,07:05,07:06,係呀，流浮山人。,培哥,Male,Fiona,Proud,,,
71,2,07:06,07:07,咁變咗對流浮山係好熟悉嘅。,Fiona,Female,Audience,Analytical,,,
72,2,07:07,07:12,蠔啦。所以我哋買嘅蠔呢都四個品種、五個品種。,培哥,Male,"Fiona, 何爸",Professional,,,
73,2,07:12,07:13,哦！即係都特別多啲嘅！,Fiona,Female,培哥,Impressed,,,
74,2,07:13,07:20,嚟緊仲有個本地蠔出，六個品種咁樣。咁你一諗起食蠔就要搵我，有蠔賣呀嘛。就要為我哋㗎啦。,培哥,Male,"Fiona, 何爸",Enthusiastic,,,
75,2,07:21,07:21,流浮山人。,何爸,Male,培哥,Observational,,,
76,2,07:21,07:24,係好多個兄弟姊妹。,Fiona,Female,Audience,Informative,,,
77,2,07:24,07:25,我係排11 㗎嘛。,培哥,Male,"Fiona, 何爸",Proud,,,
78,2,07:25,07:25,11個。,何爸,Male,Fiona,Surprised,,,
79,2,07:26,07:28,全部都係做海鮮檔㗎。,Fiona,Female,Audience,Informative,,,
80,2,07:28,07:30,好犀利呀，我屋企得八個。,何爸,Male,"Fiona, 培哥",Humble,,,
81,2,07:34,07:37,咁你知啦，咁多兄弟姊妹梗係要做啦！,培哥,Male,何爸,Practical,,,
82,2,07:37,07:39,佢哋係真係正宗漁民嚟㗎。,Fiona,Female,Audience,Respectful,,,
83,2,07:39,07:51,漁民之後呢就冇做漁民就轉做喺流浮山度做蠔。原來得一季唔幾搵到食啦咁樣。大家轉做海鮮啦，轉返做海鮮咁樣，一做做咗幾廿年。,培哥,Male,"Fiona, 何爸",Informative,,,
84,2,07:51,07:52,咁浮誇嘅你哋？,Fiona,Female,培哥,Playful,,,
85,2,07:52,07:53,我不嬲都係咁浮誇，你知㗎。,培哥,Male,Fiona,Cheerful,,,
86,2,07:54,07:55,真係平時都係咁㗎？,Fiona,Female,培哥,Curious,,,
87,2,07:55,08:12,係啊。就正正因為係咁我好簡單咋嘛！我請個做個...我哋我哋啲刀手呢，全部請過呢，佢哋要喺喺喺做壽司鋪做過嗰啲咪出嚟幫我手咁樣咪。可以有呢啲質素囉。,培哥,Male,"Fiona, 何爸",Proud,,,
88,2,08:12,08:13,但唔使加錢㗎?,Fiona,Female,培哥,Inquisitive,,,
89,2,08:13,08:17,唔使加，咁咪整好俾你哋食囉聯。呢個係我哋嘅心意嚟嘅。,培哥,Male,Fiona,Kind,,,
90,2,08:18,08:19,係咪個個都係咁㗎？,何爸,Male,培哥,Doubtful,,,
91,2,08:20,08:21,係咪咁㗎？,Fiona,Female,培哥,Curious,,,
92,2,08:21,09:09,搞錯！人哋個個都知啦！平時呢就冇檸檬嘅，可能一嚿啫，一嚿兩嚿檸檬，咁我幫你砌靚啲囉。。嗰啲係膏嚟㗎，啲蝦膏嚟嘅。咁一陣間claim咗佢出嚟就磨落去個豉油芥辣度，先點個蝦嚟食。佢大隻嗰啲兩斤半三斤重， 兩斤半三斤重嗰啲呢就賣好貴㗎，賣成三百八蚊斤。嗰啲大隻，呢啲細隻呢就賣兩百蚊一斤到。你大概一斤都係兩嚿零水㗎啫。,培哥,Male,"Fiona, 何爸",Informative/Expert,,,
93,2,09:09,09:09,幾錢呀？,何爸,Male,培哥,Curious,,,
94,2,09:09,09:13,一隻大概十四兩一斤到都係兩百蚊到。,培哥,Male,何爸,Informative,,,
95,2,09:13,09:15,香港食澳龍難啲下而家。去晒大陸喎。,何爸,Male,培哥,Conversational,,,
96,2,09:15,09:15,係。,培哥,Male,何爸,Neutral,,,
97,2,09:16,09:17,爸，太太呀。,Fiona,Female,何爸,Identifying,,,
98,2,09:17,09:18,係，太太。,何爸,Male,培嫂,Friendly,,,
99,2,09:20,09:22,阿爸，你多啲嚟我度啊，阿爸。,培嫂,Female,何爸,Welcoming,,,
100,2,09:22,09:40,"嗱，啱啱出貨喇。貨到喇。嗱，呢個時間。我哋每日準時點零就出㗎啦。
龍蝦刺身。有個頭你自己碎咗擺湯底啦！
墨魚膠，送嘅。
OK。123456，六樣嘢。
",培哥,Male,"Fiona, 何爸",Energetic,,,
101,2,09:40,09:41,幾多錢？,Fiona,Female,培哥,Curious,,,
102,2,09:41,09:43, 1280蚊。,培哥,Male,Fiona,Informative,,,
103,2,09:43,09:44,嘩，好意頭啊。,何爸,Male,培哥,Satisfied,,,
104,2,09:49,10:52,"九龍城喇！咁呢，當然九龍城要幫襯我哋平時幫襯開㗎啦。 
但係呢，其實我呢一年呢發掘咗一間好店。咁其實呢，就係一間批發嘅鋪頭嚟嘅。咁佢呢唔係喺一個九龍城好旺嘅位置啦，就係喺個打鼓嶺道。咁呢佢就差唔多批發俾好多間嘅唔同公司啦。咁包括九龍城有好多譬如牛嘅多啲牛丸啊，或者啲咩呢，其實都係由佢呢間供貨嘅。甚至佢個炸魚皮都係佢哋自己炸啦。咁同埋呢，其中有一個我覺得好特別呢，就係羊肉魚皮餃。咁呢個羊肉魚皮餃呢，我喺出面坊間就真係搵唔到喇。暫時我就係知道佢有嘅啫。咁如果大家喺坊間見到有呢，就歡迎留言話俾我聽啦。咁呢個呢就要好好咁樣推介俾大家嘅。其實佢間鋪頭係超級低調。同埋呢，之前我係其實俾佢個檔口係outlook係有啲覺得嚇親嘅。因為門市係有得買嘅。咁所以呢大家係可以入嚟隨便睇吓嘅。
",Fiona,Female,Audience,Narrative/Informative,,,
105,2,10:52,10:53,咦！係咪到喇？,何爸,Male,Fiona,Anticipating,,,
106,2,10:53,10:59,到喇，到喇。年青有為嘅CEO啊。點解會有呢門嘢出現嘅？,Fiona,Female,店主（男）,Admiring/Inquisitive,,,
107,2,10:59,11:14,有個菜係魚加羊吖嘛，魚咬羊呀嘛。所以我就諗吓，不如我就整個魚皮餃出嚟囉。反正我啲魚皮餃都係自己做，都係手工魚皮餃。有蔥味同孜然味囉，有兩隻味。,店主（男）,Male,"Fiona, 何爸",Professional/Creative,,,
108,2,11:14,11:16,孜然味，打邊爐啦。,何爸,Male,店主（男）,Suggestive,,,
109,2,11:17,11:20,係呀，鍾意食羊就啱啦。,店主（男）,Male,何爸,Friendly,,,
110,2,11:20,11:22,我最鍾意食羊啊。,何爸,Male,店主（男）,Excited,,,
111,2,11:22,11:23,呢個係蔥味。,店主（男）,Male,何爸,Informative,,,
112,2,11:25,11:26,分到㗎，真係?,Fiona,Female,店主（男）,Skeptical,,,
113,2,11:26,11:27,分唔到 分唔到嘅。,店主（男）,Male,Fiona,Honest,,,
114,2,11:28,11:29,不過幾次門口唔敢入嚟。,Fiona,Female,店主（男）,Humble,,,
115,2,11:30,11:31,點解唔入？唔夠膽入嚟啊？,店主（男）,Male,Fiona,Curious,,,
116,2,11:30,11:36,因為冇人啊。因為後尾先知原來你做批發啊。,Fiona,Female,店主（男）,Explaining,,,
117,2,11:37,11:57,因為我哋好早啊，我哋六點鐘就開始包裝啊，跟住送貨啊。係啦，跟住到晏晝嘅時候，我哋就喺度改下魚皮啊。我哋有兩款魚皮囉。呢隻係有骨嘅門鱔魚皮。係啦，同埋呢隻就係龍脷柳淡水嘅。啊，即係平時打邊爐嗰啲魚皮,店主（男）,Male,"Fiona, 何爸",Informative,,,
118,2,11:57,12:17,"呢個係點解，雖然九龍城都有好多門鱔嘅檔口呢，都有賣呢樣嘢，但係其實都係背後都係有佢功課嘅。
咁呢個呢就硬脆啲啦。咁呢個就平時魚蛋分嗰隻薄身啲嘅。咁我自己就中意食呢隻多啲。",Fiona,Female,Audience,Knowledgeable,,,
119,2,12:18,12:28,呢隻會有限量。係啦，因為呢啲門鱔都係野生嘅，所以變咗海嘅嘢就會有限量。通常都成日都賣曬。,店主（男）,Male,"Fiona, 何爸",Professional,,,
120,2,12:29,12:41,呢啲買一包，都七八個人呢夠食㗎啦。一人有兩片㗎嘛。我哋打邊爐就精品。,何爸,Male,Fiona,Determined,,,
121,2,12:41,12:42,可以擺幾耐呀？,Fiona,Female,店主（男）,Inquisitive,,,
122,2,12:43,12:45,呢啲可以擺半個月都冇問題。,店主（男）,Male,Fiona,Informative,,,
123,2,12:51,12:53,而家呢，我哋就去搵呢個三寶啦。,Fiona,Female,Audience,Energetic,,,
124,2,12:54,13:05,我知道呢，有三寶太監。我又知道東北有三寶，人參，貂皮，烏拉草。九龍城有冇三寶呢？,何爸,Male,"Fiona, Audience",Playful,,,
125,2,13:05,13:29,"有。馮姐、輝哥同偉哥，我諗大家有睇開米字嘅觀眾，亦有睇過《九龍城重建》嘅專題啦。咁confirm咗偉哥呢，真係做到農歷新年之前，即係年三十晚。 
特登幫襯返偉哥就係，因為今日就真係最後一年冬至同偉哥買豬肉。嚇死我啦，佢話你去大陸啊！ ",Fiona,Female,"Audience, 偉哥",Informative/Warm,,,
126,2,13:29,13:30,啱啱想行。,偉哥,Male,Fiona,Joking,,,
127,2,13:31,13:32,過冬要幫襯你啊。,Fiona,Female,偉哥,Determined,,,
128,2,13:32,13:34,梗係要啦。點啊？今日？,偉哥,Male,Fiona,Welcoming,,,
129,2,13:35,13:36,打邊爐，五個人。,Fiona,Female,偉哥,Direct,,,
130,2,13:36,13:49,五個人打邊爐。嗱，呢件係肉眼。肉眼後便呢條筋就叫做肉眼筋。嗱呢嚿。,偉哥,Male,"Fiona, 何爸",Professional,,,
131,2,13:50,13:51,我記得有兩隻嘅。,Fiona,Female,偉哥,Knowledgeable,,,
132,2,13:51,13:52,有三隻。,偉哥,Male,Fiona,Correcting,,,
133,2,13:53,13:54,一隻冇咁肥，一隻肥啲嘅。,Fiona,Female,偉哥,Inquisitive,,,
134,2,13:54,14:06,呢嚿叫做爽肉，就唔同頸肉嘅。嗱，呢啲叫頸肉。 兩樣嘢，呢樣嘢人地誤會咗。見唔見到個樣好似但唔一樣。,偉哥,Male,"Fiona, 何爸",Expert,,,
135,2,14:06,14:07,好似喎真係。,Fiona,Female,偉哥,Surprised,,,
136,2,14:07,15:00,"你哋唔識，我話咩就咩喇。另外一嚿金沙青囉。俾阿蔡瀾搞到佢鬼咁火辣！嗰日蔡蘭嚟話冇胃口。咁我話切咗俾佢，俾佢整僵啲。跟住而家佢變咗主力。淨係食呢隻，唔食第二隻連阿洪金寶嗰日嚟，我要呢隻！又係要呢隻而家。呢隻呢就一條京都骨。後面呢塊，所以冇㗎啦得咁多㗎啦成隻嘢㗎啦。
好好食㗎打邊爐。如果食唔晒呢，我幫你切幼一啲。你今晚返去蒸蝦膏，切少少薑絲落去，蒸蝦膏，好好食。送到兩碗飯啊！真係送兩碗飯㗎，唔係講笑。
",偉哥,Male,"Fiona, 何爸",Boastful/Sales,,,
137,2,15:00,15:02,真係做到年三十係嘛?,Fiona,Female,偉哥,Clarifying,,,
138,2,15:02,15:25,應該係啦，如無意外。唔好有意外啦。嗱，呢個就係講嘅肉眼筋囉。肉眼筋佢食嘅時候就有啲膠咁樣。呢度，如果外人嚟買呢，就一百蚊度啦。,偉哥,Male,"Fiona, 何爸",Informative,,,
139,2,15:33,15:33,吊龍。,Fiona,Female,偉哥,Identifying,,,
140,2,15:33,15:41,吊龍呀最重用味囉！ 嗱，呢個眼邊囉，大陸就叫吊龍拌囉，我哋叫肉眼邊囉。,偉哥,Male,"Fiona, 何爸",Expert,,,
141,2,15:42,15:43,呢個好靚喎。,Fiona,Female,偉哥,Admiring,,,
142,2,15:43,15:45,呢個係全隻牛最貴嘅牛肉啦呢個。,偉哥,Male,Fiona,Boastful,,,
143,2,15:45,15:47,點解最貴呢？,Fiona,Female,偉哥,Inquisitive,,,
144,2,15:47,15:51,因為佢係最最最好食嗰個囉。最少份量囉。,偉哥,Male,Fiona,Expert,,,
145,2,15:51,15:54, 咁如果要買呢啲牛肉有咩功略啊？,Fiona,Female,偉哥,Inquisitive,,,
146,2,15:54,15:56,冇，早啲嚟咪有囉。,偉哥,Male,Fiona,Blunt/Honest,,,
147,2,15:57,15:57,幾點嚟啊？通常要。,Fiona,Female,偉哥,Inquisitive,,,
148,2,15:58,15:59,上晝嚟囉。,偉哥,Male,Fiona,Direct,,,
149,2,16:15,16:16,呢個叫脊位囉。,偉哥,Male,Fiona,Informative,,,
150,2,16:16,16:17, 脊位。,Fiona,Female,偉哥,Neutral,,,
151,2,16:17,16:21,鮮牛脊，即係呢個出面叫公仔頭，咪呢個囉。,偉哥,Male,Fiona,Expert,,,
152,2,16:21,16:22,都係食啲咩嘅肉？,Fiona,Female,偉哥,Curious,,,
153,2,16:22,16:23,呢個好重肉味㗎。,偉哥,Male,Fiona,Determined,,,
154,2,16:24,16:26,咁吊龍定係呢個肉味勁啲㗎？,Fiona,Female,偉哥,Inquisitive,,,
155,2,16:26,16:34,另一個位嚟㗎。係嗰個，嗰啲叫脊頭啦，都係叫公仔頭呢個。俾晒佢啦，搞掂！,偉哥,Male,Fiona,Decisive,,,
156,2,16:40,16:41,鳳姐你着衫啦！,Fiona,Female,鳳姐,Playful,,,
157,2,16:41,16:42,哇，係！ 喂，你好！,鳳姐,Female,"Fiona, 何爸",Energetic,,,
158,2,16:42,16:43,你好！,何爸,Male,鳳姐,Friendly,,,
159,2,16:44,16:44,鳳姐!,Fiona,Female,鳳姐,Welcoming,,,
160,2,16:44,16:45,又踩到場啦！,鳳姐,Female,Fiona,Cheerful,,,
161,2,16:46,16:48,點解你仲有件粉紅色衫出嚟？,Fiona,Female,鳳姐,Curious,,,
162,2,16:48,16:50,迎合你啊嘛。,鳳姐,Female,Fiona,Playful,,,
163,2,16:53,17:00,我哋嚟幫手我哋。咁襟撈嘅鳳姐。,Fiona,Female,"Audience, 鳳姐",Respectful,,,
164,2,17:09,17:13,熱豆漿，三個。無糖得唔得㗎？,何爸,Male,鳳姐,Requesting,,,
165,2,17:13,17:16,唔得，少甜啦。,鳳姐,Female,何爸,Decisive,,,
166,2,17:18,17:20,跟住要個椒三寶。,Fiona,Female,鳳姐,Ordering,,,
167,2,17:21,17:22,青椒三寶。,鳳姐,Female,Fiona,Confirming,,,
168,2,17:22,17:23,做節啊今晚。,Fiona,Female,鳳姐,Friendly,,,
169,2,17:23,17:25,下次你玩，我跟埋去啊。,鳳姐,Female,Fiona,Hoping,,,
170,2,17:25,17:26,好啊，你上嚟我屋企呀。,Fiona,Female,鳳姐,Welcoming,,,
171,2,17:26,17:27,喺邊度？,鳳姐,Female,Fiona,Curious,,,
172,2,17:27,17:28,打邊爐今晚上埋嚟我屋企呀。,Fiona,Female,鳳姐,Hospitable,,,
173,2,17:34,17:36,而家鳳姐好紅㗎，你知唔知呀？,何爸,Male,"Fiona, 鳳姐",Proud,,,
174,2,17:36,17:40,我行埋一邊啊，同Fiona俾。,鳳姐,Female,何爸,Modest,,,
175,2,17:42,17:55,仲未貼我張相。爭取機會嚟飲一碗熱嘅豆漿啊。爭取機會呀，真係。,Fiona,Female,Audience,Energetic,,,
176,2,17:55,17:55,真係好濃啊！,何爸,Male,Fiona,Surprised,,,
177,2,17:58,18:04,同埋佢嗰種特別嘅焦香味啊。即係其他地方唔會有囉。,Fiona,Female,"Audience, 何爸",Informative,,,
178,2,18:04,18:09,真係要飲就飲啦。,何爸,Male,Audience,Urgent,,,
179,2,18:09,18:23,如果我平時呢我係會飲呢種無糖嘅豆漿嘅。今日加少少糖同埋熱呢係好好飲嘅，今朝先整。鳳姐。,Fiona,Female,Audience,Satisfied,,,
180,2,18:23,18:26,呢個好飲呀！ 我鍾意飲熱嘅。,何爸,Male,Fiona,Satisfied,,,
181,2,18:26,18:38,完全係冇停過，但係每次嚟到呢度就會好開心㗎啦，然後會嚟探吓佢喇。跟住我會拎日本手信俾佢。,Fiona,Female,Audience,Affectionate,,,
182,2,18:38,18:44,睇吓幾勤力。 青椒，嘩，真係好食喇。,何爸,Male,Audience,Impressed,,,
183,2,18:45,18:45,拜拜。,鳳姐,Female,"Fiona, 何爸",Friendly,,,
184,2,18:50,19:48,"有檔喺街市入面佢個蝦膠係自己有個工場發嘅。我覺得我試過咁多間嘅蝦膠，因為我自己好鍾意食海鮮嘅，我覺得佢嘅蝦膠呢我係覺得差唔多全港啦，雖然我冇食過全港，但係暫時係我食過我覺得最好食嘅蝦膠，因為佢係好彈牙啦，而佢冇溝其他嘢即係通常其他啲有撈咗啲肥豬肉。我就超級強力推介。咁佢有明太子墨魚膠、墨魚膠同埋蝦膠，但係最好食都係蝦膠。咁我哋今日雖然有呢個花竹蝦，咁我哋都買少少呢個返去打邊爐啦。
排緊隊啦，真係排緊隊啦。
蝦膠我覺得真係暫時食過嚟講最好食嘅同埋真係自己整嘅。呢個係明太子墨魚膠。要三Pack $50嘅蝦膠。我幫襯咗好多年㗎啦。",Fiona,Female,Audience,Professional/Informative,,,
185,2,19:51,19:52,蝦膠好食過墨魚膠喎。,店主2（男）,Male,Fiona,Honest,,,
186,2,19:52,20:01,係呀，我都係咁講。但係我買過呢個同呢個呢但係呢我試過綠完面出嚟又唔係爭好遠咋喎。,Fiona,Female,店主2（男）,Conversational,,,
187,2,20:03,20:05,食到我退休，你就冇得食啦。,何爸,Male,Fiona,Humorous/Melancholy,,,
188,2,20:15,20:20,千五蚊去籌備一個做冬飯，其實最後Overbudget。,Fiona,Female,Audience,Resigned,,,
189,2,20:30,20:49,"龍蝦湯湯底。
咁我哋今晚就喺呢個九龍城嚟返我屋企喇，
咁就準備做呢個冬至喇。
咁我哋係提早咗一個禮拜做。
咁禁啱加速剪片呢就可以同大家過呢個溫馨嘅冬至喇。
咁祝大家冬至快樂。
",Fiona,Female,Audience,Hopeful,,,
190,2,20:49,20:50,新年進步。,何爸,Male,Audience,Cheerful,,,
191,2,20:50,20:52,恭喜恭喜。,Fiona,Female,Audience,Cheerful,,,
192,2,20:52,21:03,上次呢我哋去鯉魚門都唔捨得食，今次呢就係冬至呀嘛，自己人呢食好啲。,何爸,Male,Fiona,Satisfied,,,
193,2,21:04,21:07,Cheers! 嘩!,Fiona,Female,何爸,Excited,,,
194,2,21:07,21:11,梗係唔同啦，爽口㗎可？,何爸,Male,Fiona,Confident,,,
195,2,21:12,21:25,超爽口。同埋蝦個質地呢同我平時食開即係嗰啲放題嘅泰國刺身好唔同呀。係完全唔同個level。佢嗰隻彈牙係超級彈牙囉。,Fiona,Female,"Audience, 何爸",Amazed,,,
196,2,21:25,21:30,有冇發覺好似魚生咁？ 即係個口感啊。,何爸,Male,Fiona,Expert,,,
197,2,21:30,21:44,但係好清甜同埋好彈牙囉。 龍蝦刺身。,Fiona,Female,"Audience, 何爸",Satisfied,,,
198,2,21:45,21:50,就冇花竹蝦刺身咁爽口。但都OK好甜。,何爸,Male,Fiona,Objective,,,
199,2,21:51,22:39,"之前我同培哥講過我買咗加拿大嘅象拔蚌，但係呢300蚊都得嗰十丁塊，而家呢個好多。好厚肉啊。 今次介紹嘅舖頭都係我哋平時幫襯開嘅舖頭，希望大家鍾意啦。 
因為今次買嘅嘢食實在太多啦，所以好難一一試食啊 
全港首創羊肉魚皮餃。 
咁你覺得香蔥定孜然好食啲啊？ 孜然好食啲呀？
我都覺得香蔥相對比較淡孜然我就覺得濃得嚟係好似食緊羊肉串咁。 
嘩，我姪仔嚟啦！ 
佢哋殺到嚟啦！ 
好啦，一陣間見啦！
",Fiona,Female,Audience,Satisfied/Energetic,,,
200,2,22:40,22:41,唔好搞啊，我哋直播。,何爸,Male,姪仔,Mock-Serious,,,
201,2,22:42,22:44,你講句大家冬至快樂。,Fiona,Female,姪仔,Encouraging,,,
202,2,22:44,22:46,大家冬至快樂！,姪仔,Male,Audience,Cheerful,,,
203,2,22:46,22:58,"好啦，俾個戲份你啦最後。
因為收機收得太匆忙，所以呢都唔記得同大家講記得訂閱我哋呀下集再見啦希望大家鍾意我哋今集嘅介紹啦。
",Fiona,Female,Audience,Friendly,,,
1,3,0:03,0:12,我未試過一夜情，今日要試下一日情先喇，一日情同一日嘅愛情呀。係呀，一日嘅愛情呀。,何爸,Male,Fiona,Humorous,,,
2,3,0:22,0:23,到長洲喇！,Fiona,Female,何爸,Excited,,,
3,3,0:24,0:25,又係 Family Day 喇。,何爸,Male,Fiona,Happy,,,
4,3,0:25,0:27,咁今日來到長洲，有啲咩任務呀？,Fiona,Female,何爸,Curious,,,
5,3,0:29,0:38,長洲，梗係食吓嘢啦。其實長洲，大學都嚟過，啱啱畢業過嚟，我就嚟到呢度拖住何媽嘅。,何爸,Male,Fiona,Nostalgic,,,
6,3,0:38,0:38,係。,Fiona,Female,何爸,Attentive,,,
7,3,0:38,0:42,咁過咗一兩年呢，就結婚生仔喇。,何爸,Male,Fiona,Nostalgic,,,
8,3,0:42,1:08,"咁我哋繼續呢個食海鮮系列，估唔到食到嚟長洲。咁呢，同埋都會探我一個好朋友嘅，咁佢最近開咗一個新嘅 Pizza 店，都係帶何爸去試吓啦。 

同埋我都搵咗個長洲街坊嚟帶路，推薦咗呢間舖頭畀我。同埋佢好好呀，佢特登呢同我去街市睇吓會唔會有啲咩海鮮買。 

去街市，長洲街市睇海鮮先！Go！ ",Fiona,Female,Audience,Energetic,,,
9,3,1:10,1:19,"本身我都諗住偷雞晏啲嚟，跟住呢，長洲街坊就話一定要早啲嚟先買到海鮮。 

歡迎！我嘅長洲好朋友街坊。 ",Fiona,Female,"Audience, Hidee",Friendly,,,
10,3,1:21,2:19,"因為長洲嘅街市呢，其實朝早係最精彩嘅。不過呢就要睇天氣，同埋睇彩數。  

因為呢幾日就落雨啦，就比較上可能少啲船出海啦。有啲檔就淨係朝早先開呢，係寶藏嚟。 

呢啲好光鮮嘅。即係佢會有晒嗰啲龍蝦、扇貝、蟶子，一啲外面嘅海鮮嘅話，咁其實佢就每一日都會開咯。同埋會開到好晏嘅。 

因為好少人會喺朝早九點幾十點就來到長洲買... Local 買同埋遊客買呢，會有少少分別嘅。  

咁但係唔代表呢啲海鮮唔靚嘅，純粹佢哋可能係一啲入口啦，唔係一啲... 係呀係呀，唔係今日即刻漁船返嚟嘅貨囉。 

我哋上二樓睇，因為上面二樓呢就有好多好細好細嘅檔口，同平時大家諗嘅長洲街市或者海鮮街係有少少唔一樣嘅。呢度好多有自己漁船啦，或者佢哋有相熟嘅艇家啦，所以佢哋嚟貨呢，係每一檔都有啲唔同嘅。 

呢啲好 Local 呀。 好似啲阿姨呢。  ",Hidee,Female,"Fiona, 何爸",Informative,,,
11,3,2:20,2:20,係同佢格個檔。,Fiona,Female,Hidee,Agreement,,,
12,3,2:21,2:23,係呀係呀。呢條咩魚呀？,Hidee,Female,魚檔阿姨,Curious,,,
13,3,2:23,2:23,呢條紅鮋囉。,魚檔阿姨,Female,Hidee,Informative,,,
14,3,2:28,2:29,嘩！你攞魚仲要買魚。,何爸,Male,魚檔2阿姨,Surprised,,,
15,3,2:30,2:34,我哋捉自己魚，就唔食自己魚，要買魚。,魚檔2阿姨,Female,何爸,Neutral,,,
16,3,2:35,2:38,點解呀？呢個真係好奇怪。,何爸,Male,魚檔2阿姨,Puzzled,,,
17,3,2:38,2:41,因為我哋啲魚係對慣咗呢，咁就自己唔鍾意食。,魚檔2阿姨,Female,何爸,Calm,,,
18,3,2:41,2:42,哦。,何爸,Male,魚檔2阿姨,Understanding,,,
19,3,2:42,2:43,你哋有無食過沙螺？,Fiona,Female,"Hidee, 何爸",Curious,,,
20,3,2:43,2:52,我覺得呢樣嘢都幾得意，係香港捉嘅。咁呢個沙螺呢就可以蒜蓉蒸，我覺得個味道係同扇貝呀其他嘢有少少唔一樣嘅。 ,Hidee,Female,Fiona,Suggestive,,,
21,3,2:52,2:59,沙螺，係喺嗰啲海灘度整上嚟嘅。就好似沙蜆咁囉。佢喺芝麻灣嗰邊整嘅。 ,魚檔3（女）,Female,"Hidee, Fiona",Informative,,,
22,3,2:59,2:59,芝麻灣。,Fiona,Female,魚檔3（女）,Attentive,,,
23,3,3:00,3:17,"喇，嗰啲要拆開橡筋呢，咁呢割開佢，入面有一舊黑色嘢，整咗佢出嚟。同埋呢佢有兩條嘢好沙嘅，你要割開佢囉。即係咁樣囉... 

係喇，要洗，要洗。有啲唔識整呢，你返去就咁，誒，整咗個殼出嚟咪得囉。 ",魚檔3（女）,Female,"Hidee, Fiona",Instructive,,,
24,3,3:17,3:20,我多數呢就鍾意買呢一檔，呢一檔就全部都係可以嘅。,Hidee,Female,Fiona,Recommending,,,
25,3,3:21,3:23,淨番呢啲咋？頭先嗰啲蝦都無晒喇？,Fiona,Female,蝦檔阿姨,Disappointed,,,
26,3,3:23,3:24,我哋呢度啲蝦係好快趣㗎。,蝦檔阿姨,Female,Fiona,Proud,,,
27,3,3:24,3:27,無中蝦賣喇？你仲有咩蝦？,Hidee,Female,蝦檔阿姨,Inquiring,,,
28,3,3:29,3:30,蝦有人留晒啦。,蝦檔阿姨,Female,Hidee,Neutral,,,
29,3,3:32,3:33,一斤得唔得呀？我哋要。,Hidee,Female,蝦檔阿姨,Requesting,,,
30,3,3:33,3:37,是但啦，讓一斤俾你啦。唔係我唔收出面人嘅。,蝦檔阿姨,Female,Hidee,Kind,,,
31,3,3:39,3:45,我哋果然冇信錯人，全靠Hidee。冇貨都變有貨。,Fiona,Female,Hidee,Grateful,,,
32,3,3:45,3:47,呢隻中蝦喺呢度㗎？,Fiona,Female,蝦檔阿姨,Curious,,,
33,3,3:47,3:50,喺伶仃島攞㗎。,蝦檔阿姨,Female,Fiona,Informative,,,
34,3,3:50,3:53,呢條好食呀。好食呀呢條。,Hidee,Female,Fiona,Enthusiastic,,,
35,3,3:53,3:56,一定係。我個仔都想留返嚟食。,蝦檔阿姨,Female,Hidee,Confident,,,
36,3,3:56,3:57,呢條六百。,Fiona,Female,Audience,Surprised,,,
37,3,3:57,4:03,咁大條。然後叫佢去斬幾片啦，跟住擺落雪櫃呢，其實就可以連續幾日食㗎喇。 ,Hidee,Female,Fiona,Practical,,,
38,3,4:04,4:12,"呢一檔呢就係好熱門嘅，大家會搶住佢啲魚。 

呢個位呢幾檔都係㗎喇。有一檔已經賣晒。 ",Hidee,Female,"Fiona, 何爸",Informative,,,
39,3,4:13,4:14,嘩！要逼㗎過呢檔。,Fiona,Female,Hidee,Surprised,,,
40,3,4:15,4:15,係呀。,Hidee,Female,Fiona,Agreement,,,
41,3,4:15,4:17,係咪同樓下兩個唔同嘅光景呀？,Fiona,Female,Hidee,Curious,,,
42,3,4:17,4:17,係呀。,Hidee,Female,Fiona,Agreement,,,
43,3,4:17,4:22,"我無上過嚟呀，好神奇呀。 

有鯧魚喎呢度。 ",Fiona,Female,Audience,Amazed,,,
44,3,4:24,4:26,靚仔仲有無呀？我想要一條黃立鯧呀。,Hidee,Female,魚檔4（男）,Requesting,,,
45,3,4:27,4:30,呢條！我哋全靠 Hidee先搶到呀，搶唔到呀。,Fiona,Female,Audience,Excited,,,
46,3,4:31,4:40,"無人愛, 我愛呀。我都係戰狼嚟㗎。",Hidee,Female,Fiona,Humorous,,,
47,3,4:42,4:43,嗱，阿姐都話有買餸樂趣。,何爸,Male,Fiona,Amused,,,
48,3,4:43,4:50,緊係啦。你又要要有錢，又要要有貨，又要要有得爭，咁先好嘅。最緊要有得爭。,阿姐,Female,何爸,Passionate,,,
49,3,4:50,4:59,呢條呢就係雞籠鯧，呢條就黃立鯧。咁我自己就覺得呢，黃立鯧啲肉質會細緻啲。 咁但係雞籠鯧呢，都有人鍾意嘅。 ,Hidee,Female,"Fiona, 何爸",Informative,,,
50,3,4:59,5:00,我要呢一條。,阿姐,Female,魚檔4（男）,Determined,,,
51,3,5:00,5:01,要一條呀。,魚檔4（男）,Male,阿姐,Understanding,,,
52,3,5:04,5:06,遊水魚應該係出邊都少見啲囉。,Hidee,Female,Fiona,Informative,,,
53,3,5:09,5:10,辛苦㗎，啱唔啱？,何爸,Male,魚檔4（男）,Empathetic,,,
54,3,5:10,5:11,你講得啱呀。,魚檔4（男）,Male,何爸,Agreement,,,
55,3,5:11,5:22,我一睇就知啦，我哋呢啲年紀差不多嘅時候，就知你哋大家嘅心態。  留番啲俾人喇。 ,何爸,Male,魚檔4（男）,Understanding,,,
56,3,5:24,5:25,如果係辣酒花螺？,Fiona,Female,Hidee,Inquiring,,,
57,3,5:25,5:26,不過呢啲咁大隻好貴㗎。,Hidee,Female,Fiona,Cautionary,,,
58,3,5:27,5:29,好大隻。,Fiona,Female,Audience,Impressed,,,
59,3,5:30,5:32,呢個好大隻呀，呢啲係海㗎啦，但係呢度會好貴囉。我肯定好貴。 ,Hidee,Female,Fiona,Knowledgeable,,,
60,3,5:33,5:35,好喇，我哋睇下邊個近啲。我估二百一。,Fiona,Female,"何爸, Hidee",Competitive,,,
61,3,5:35,5:38,我喺你下面，低一級啦。,何爸,Male,Fiona,Competitive,,,
62,3,5:38,5:40,靚仔呀，花螺點賣呀？,Hidee,Female,魚檔5（男）,Inquiring,,,
63,3,5:40,5:42,二百蚊一斤。,魚檔5（男）,Male,Hidee,Neutral,,,
64,3,5:44,5:45,我中喔。,何爸,Male,Fiona,Happy,,,
65,3,5:45,5:45,你中咗。,Fiona,Female,何爸,Surprised,,,
66,3,5:45,5:47,我俾你低級呀嘛。,何爸,Male,Fiona,Proud,,,
67,3,5:47,5:49,唔講價。,花螺檔老闆(男),Male,Hidee,Firm,,,
68,3,5:49,5:53,講價失敗咗。其實都唔算貴 。,Fiona,Female,Audience,Amused,,,
69,3,5:53,5:54,係呀，其實唔貴㗎。,Hidee,Female,Fiona,Agreement,,,
70,3,5:55,6:01,如果媽咪你未試過，買一條啦。,Fiona,Female,何媽,Suggestive,,,
71,3,6:02,6:02,幾錢呀？,Hidee,Female,魚檔6（男）,Inquiring,,,
72,3,6:02,6:03,40蚊。,魚檔6（男）,Male,Hidee,Neutral,,,
73,3,6:03,6:05,爸爸40蚊。試下「一夜情」。,Fiona,Female,何爸,Playful,,,
74,3,6:05,6:25,"我未試過一夜情，我今日試一夜情先喇，一夜情同一日嘅愛情呀。 

一夜情，一日嘅愛情呀。 ",何爸,Male,Fiona,Humorous,,,
75,3,6:25,6:47,"一早買完海鮮，餐廳十二點先開門，所以中間嘅時間呢，就帶咗何爸同何媽喺附近行咗一轉呀。  

咁我哋嚟到長貴邨啦。咁之前《米紙》都做過一年四集嘅專題，其中有一部分呢就係關於呢個長貴邨。我覺得係離島最靚嘅公屋嚟嘅。咁今次都帶何爸同何媽嚟一轉呀。 ",Fiona,Female,Audience,Narrative,,,
76,3,6:47,6:55,哇，呢個長貴邨唔錯喎。鳥語花香，環境好清幽呀。,何爸,Male,Fiona,Impressed,,,
77,3,6:55,6:56,好似個歐洲嘅小鎮呀。,Fiona,Female,何爸,Happy,,,
78,3,6:56,6:59,有啲仲可以望海景添。,何爸,Male,Fiona,Positive,,,
79,3,6:59,7:01,係呀，我哋上去睇嚇。,Fiona,Female,何爸,Excited,,,
80,3,7:02,7:07,Fiona，最近見你著埋呢啲露臍裝，打扮同以前唔同咗喎。,何爸,Male,Fiona,Observant,,,
81,3,7:08,7:12,自從我減肥成功之後，就實現咗穿衣自由，同埋我真係好怕熱。,Fiona,Female,何爸,Confident,,,
82,3,7:13,7:17,最近見你同盧巧音一齊跑步，身型 fit 咗好多喎。,何爸,Male,Fiona,Encouraging,,,
83,3,7:17,7:28,因為我呢兩個月就試緊黃色呢盒「豐盛生活」嘅速纖享瘦。咁佢哋係日本製造、無藥性、無副作用，同埋成分天然，所以我肚腩都自然細咗。,Fiona,Female,"何爸, Audience",Informative,,,
84,3,7:28,7:30,咁啱你，又啱我喎。,何爸,Male,Fiona,Happy,,,
85,3,7:30,9:05,"推介畀大家試下喇食完速纎享瘦，最大嘅得著就係如果前一晚拍嘢對需要食到啲重口味同埋味精嘅嘢，第二朝就唔會口腫面腫喇  

  

食完速纎享瘦，最大嘅得著就係如果前一晚拍嘢對需要食到啲重口味同埋味精嘅嘢，第二朝就唔會口腫面腫喇  

平時就去多咗小便，新陳代謝明顯快咗，肚腩都細咗啲呀  

速纖享瘦入面就有葡萄橘皮苷萃取可以排水祛腫  

而臨床實證最快 12 個鐘就可以改善面嘅浮腫  

而專利成分LipoximFire可以改善肝臟嘅燃脂能力，提升身體排毒消脂能力  

每天額外燃燒 700 卡路里，差唔多等於一般運動量兩至三個鐘頭  

之前成日出差，食無定時又冇乜點食蔬菜喎，所以成日都便秘呀  

我就配合埋白色呢盒「舒暢感受」B3 益生菌  

同坊間嘅益生菌唔同，佢有八個星期臨床實證，即使維持現有嘅飲食同埋運動量，都可以減低內臟脂肪同埋體脂  

我配合埋一齊食，便便都定時咗，而且唔會令到肚仔唔舒服，真係舒暢咁排毒呀  

每日 lunch 同 dinner 30 分鐘前各食一包，酸酸甜甜檸檬味都好易入口架  

因為之前出差一次過食太多餐喇，所以我都帶定幾包喺身度呀  

建議就要 keep 住食效果先會明顯嘅  

推介畀大家試下喇食完速纎享瘦，最大嘅得著就係如果前一晚拍嘢對需要食到啲重口味同埋味精嘅嘢，第二朝就唔會口腫面腫喇。  食完速纎享瘦，最大嘅得著就係如果前一晚拍嘢對需要食到啲重口味同埋味精嘅嘢，第二朝就唔會口腫面腫喇。  

平時就去多咗小便，新陳代謝明顯快咗，肚腩都細咗啲呀！  

速纖享瘦入面就有葡萄橘皮苷萃取可以排水祛腫。  

而臨床實證最快 12 個鐘就可以改善面嘅浮腫。  

而專利成分LipoximFire可以改善肝臟嘅燃脂能力，提升身體排毒消脂能力。  

每天額外燃燒 700 卡路里，差唔多等於一般運動量兩至三個鐘頭。  

之前成日出差，食無定時又冇乜點食蔬菜喎，所以成日都便秘呀！  

我就配合埋白色呢盒「舒暢感受」B3 益生菌。  

同坊間嘅益生菌唔同，佢有八個星期臨床實證，即使維持現有嘅飲食同埋運動量，都可以減低內臟脂肪同埋體脂  

我配合埋一齊食，便便都定時咗，而且唔會令到肚仔唔舒服，真係舒暢咁排毒呀！  

每日 lunch 同 dinner 30 分鐘前各食一包，酸酸甜甜檸檬味都好易入口架。  

因為之前出差一次過食太多餐喇，所以我都帶定幾包喺身度呀。  

建議就要 keep 住食效果先會明顯嘅。 

三個月就係一個療程，喺屈臣氏、莎莎同零售店都搵到。 

而「豐盛生活」官網都有我獨家嘅優惠，快啲去買喇。要 keep 住身型除咗靠運動同埋飲食控制之外，我始終唔係一個廿幾歲嘅少女喇，所以新陳代謝都明顯慢咗，始終要靠 supplement 幫手先得，大家一齊試下喇。 

有冇計過呢個餐幾多錢呀？ ",Fiona,Female,Audience,Persuasive,,,
86,3,9:05,09:25,總言之大約都有八百蚊到啦。通常有名嘅KOL呢，就唔會揸住啲袋嘅。係呀，電視台嗰啲就唔會揸住啲袋。而家我哋真係真實食評，得兩個人做緊個台，冇辦法啦，又要買、又要拎、又要拍。 ,何爸,Male,Fiona,Earnest,,,
87,3,9:25,09:36,係呀，跟住我見到有人話：「可唔可以唔好拍咁多你哋啲大頭啊，影多啲嘢食啦！」跟住我話冇辦法啦，得我一個揸機。今日Henry唔喺度，冇攝影師 ,Fiona,Female,Audience,Apologetic,,,
88,3,9:36,09:40,乜都冇嘅時候，唯有係自力更新。,何爸,Male,Fiona,Determined,,,
89,3,9:40,09:42,係，多多體諒，多多體諒。,Fiona,Female,Audience,Polite,,,
90,3,09:43,09:43,咁呢個呢？,何爸,Male,店員2（女）,Inquiring,,,
91,3,09:43,09:46,薄片椒鹽都OK。,店員2（女）,Female,何爸,Informative,,,
92,3,09:47,09:47,大花螺。,何爸,Male,店員2（女）,Specifying,,,
93,3,09:48,09:49,辣酒煮定係點樣？,店員2（女）,Female,何爸,Inquiring,,,
94,3,09:49,09:57,辣酒啦，辣酒煮花螺。呢個係最簡單嘅。,何爸,Male,店員2（女）,Decisive,,,
95,3,09:57,09:57,白灼蝦 。,店員2（女）,Female,何爸,Confirming,,,
96,3,09:57,10:01,好唔好？清甜。呢條係黃立鯧，鼓汁蒸 。,何爸,Male,店員2（女）,Polite,,,
97,3,10:02,10:02,好呀 。,店員2（女）,Female,何爸,Agreeing,,,
98,3,10:02,10:04,呢個係乜嘢嚟㗎？,何爸,Male,店員2（女）,Curious,,,
99,3,10:04,10:08,沙螺，蒜蓉粉絲蒸，係喇。,店員2（女）,Female,何爸,Informative,,,
100,3,10:08,10:10,我最鍾意係「一夜情」，,何爸,Male,店員2（女）,Happy,,,
101,3,10:10,10:13,咁「一夜情」你就蒸薑絲蒸。,店員2（女）,Female,何爸,Suggestive,,,
102,3,10:13,10:18,薑絲蒸，係喇。一次就好喇，唔好試第二次呀。,何爸,Male,店員2（女）,Humorous,,,
103,3,10:19,10:20,Perfect 㗎喇。,店員2（女）,Female,何爸,Positive,,,
104,3,10:21,10:24,第一碟餸，白灼蝦。,Fiona,Female,Audience,Excited,,,
105,3,10:24,10:25,海中蝦。,何爸,Male,Fiona,Correcting,,,
106,3,10:25,10:27,佢送咗幾多隻花竹蝦畀我哋？,Fiona,Female,何爸,Curious,,,
107,3,10:27,10:28,呢度一斤。,何爸,Male,Fiona,Informative,,,
108,3,10:28,10:28,好多喎。,Fiona,Female,何爸,Impressed,,,
109,3,10:28,10:30,好似足夠呀。,何爸,Male,Fiona,Content,,,
110,3,10:30,10:33,幾多個蝦，好足，足料。,Fiona,Female,Audience,Satisfied,,,
111,3,10:34,10:34,嚟喇。,何爸,Male,Fiona,Happy,,,
112,3,10:34,10:38,今日好多幫手一齊食呀，好大隻呀，Cheers！,Fiona,Female,"Friends, Audience",Cheerful,,,
113,3,10:38,10:43,哇，今日非常之開心呀。,何爸,Male,Fiona,Joyful,,,
114,3,10:43,10:56,好食呀呢個。佢仲有啲蝦蝦膏喺前面。我鍾意食呢隻多過赤米。  呢個有膏，同埋呢個有少少膏喺前面囉，我覺得。 ,Fiona,Female,Audience,Satisfied,,,
115,3,10:56,11:16,呢個「一夜情」係通常買馬友魚，跟住就灑啲鹽，曬一日。其實好短時間啫，可能半日左右啦，跟住就收返返嚟。咁佢就會係啱啱好有少少鹹鮮味，同平時我哋食鹹魚嗰種霉香呢又唔同嘅。咁你哋可以試下喇，都算係一個長洲名物嚟㗎。 ,Hidee,Female,"Fiona, 何爸",Informative,,,
116,3,11:16,11:18,英文咪叫 One Night Stand 囉。,何爸,Male,Fiona,Humorous,,,
117,3,11:18,11:21,你做咩講英文呀？就嗰句呀。,Fiona,Female,何爸,Amused,,,
118,3,11:22,11:23,就講呢句咋。,何爸,Male,Fiona,Defensive,,,
119,3,11:23,11:27,下，食落去就好滑，同埋好鮮味。,何媽,Female,"Fiona, 何爸",Impressed,,,
120,3,11:27,11:48,因為仲有馬友嘅魚油。有呀，同埋佢個濃味好多囉，相對於其他魚，濃味好多，我覺得好食呀。 同埋唔會鹹，唔會太鹹，就係佢有鹹味，但係唔會話哇鹹到入唔到口嗰隻。頭先未蒸熟嗰陣就唔覺得佢啲郣兝咁紫色，一熟咗就好紫喇。   ,Fiona,Female,Audience,Appreciative,,,
121,3,11:48,12:05,係喇，咁香港通常都係見到做沙螺。嗰度味呢有少少甘甘哋嘅，同我哋食扇貝嗰啲鮮甜有啲啲唔同嘅。都幾值得去食下，特別係嚟到長洲，出面成日都係食扇貝㗛蟶子，我覺得嚟到呢度嗌呢個都幾好。   ,Hidee,Female,Fiona,Recommending,,,
122,3,12:05,12:05,幾好。,何爸,Male,Hidee,Agreement,,,
123,3,12:05,12:14,我好鍾意食蜆類嘅嘢嘛，但係呢個沙螺我覺得有啲似象拔蚌仔嗰種爽呢種感覺囉，超爽呀。 ,Fiona,Female,Audience,Excited,,,
124,3,12:14,12:18,有啲似北寄貝刀貝嗰一類。,Hidee,Female,Fiona,Informative,,,
125,3,12:18,12:23,好厚肉呀，即係食落去你唔會覺得好薄嗰啲。,Fiona,Female,Audience,Satisfied,,,
126,3,12:23,12:28,黃立鯧真係海撈返嚟，呢條黃立鯧呢75蚊。,何爸,Male,Fiona,Informative,,,
127,3,12:28,12:31,平時係咪街市嗰啲係養㗎？,Fiona,Female,何爸,Curious,,,
128,3,12:32,12:42,養㗎，養嘅四十零蚊一條細細條。七十蚊一條呢就大粒啲，呢條呢如果是養嗰啲呢，都要賣80蚊。  好食喎。 ,何爸,Male,Fiona,Knowledgeable,,,
129,3,12:42,12:48,我覺得佢係唔係一般海魚嗰種滑嘅質感，因為鯧魚嚟㗎嘛佢係。,Fiona,Female,何爸,Analytical,,,
130,3,12:48,12:50,好有魚味呀！,何爸,Male,Fiona,Happy,,,
131,3,12:50,12:54,但係冇乜冇乜泥味，平時有啲食到好大陣泥味。,Fiona,Female,何爸,Positive,,,
132,3,12:54,13:04,係，你講得啱，好腥。大尾魷整到好似薯條咁嘅。哇，好香呀！,何爸,Male,Fiona,Excited,,,
133,3,13:05,13:06,慢慢食呀。,店員2（女）,Female,Guests,Polite,,,
134,3,13:06,13:06,哇好開心呀呢個。,Fiona,Female,Audience,Happy,,,
135,3,13:08,13:12,小朋友見到都鍾意，見到都想食。,何爸,Male,Fiona,Positive,,,
136,3,13:12,13:22,聞到都香呀，椒鹽味，成個薯條咁嚟到。真係好抵呀，呢個份量。,Fiona,Female,Audience,Satisfied,,,
137,3,13:22,13:28,如果你一家大細嚟，呢個必食呀。,何爸,Male,Audience,Recommending,,,
138,3,13:28,13:30,一定要試呢個。,Fiona,Female,Audience,Agreeing,,,
139,3,13:30,13:32,係呀，限量供應嘅。,店員2（女）,Female,Fiona,Informative,,,
140,3,13:32,13:41,呢個腸中腸不得了。呢度嘅隱藏菜式。雖然喺個 menu 度但係永遠都食唔到，除咗我哋食得倒之外。我哋食到呀竟然！ ,Fiona,Female,Audience,Excited,,,
141,3,13:41,13:47,唔係，想食就要同老闆建立好感情先至得呀，知唔知呀 多啲嚟。,何爸,Male,Fiona,Humorous,,,
142,3,13:51,13:52,好厚身。,Fiona,Female,Audience,Impressed,,,
143,3,13:52,13:56,咁海鮮嗰度五樣加工費我地收400蚊。,店員2（女）,Female,"Fiona, 何爸",Neutral,,,
144,3,13:56,14:03,係，咁即係呢個如果你嚟加工係通常點計？,Fiona,Female,店員2（女）,Curious,,,
145,3,14:03,14:10,辣酒呀同埋椒鹽呢同埋譬如炒蟹啊嗰啲就貴少少囉。,店員,Female,Fiona,Informative,,,
146,3,14:11,14:13,即係當平均可能80 蚊一款咁㗎啦。,Fiona,Female,店員,Calculating,,,
147,3,14:16,14:30,"係啦，我地就如果齋今次因爲加工5様海鮮，咁就係400 蚊，係啦，400 蚊。係啦係啦。 

 

咁頭先我見呢，譬如嗰個鮮魷呢，一般可能會切一片片，我見你切一條條 ",Fiona,Female,老闆(男),Narrative,,,
148,3,14:31,14:41,"係，因為其實都係阿爸爸教我嘅，但係如果鮮魷嗰啲呢，如果切得太薄呢，佢一炸呢，就會變咗拿得好緊啊，就會好快好硬囉。 

但係如果切一條條好似薯條咁樣呢，即係筷子咁粗呢，佢即係你炸到個表面脆啦，但係都可以保持到入面個肉質都係好軟淋淋咁樣囉。係咯。 ",老闆(男),Male,Fiona,Instructive,,,
149,3,14:53,14:55,咁豬粉腸我見到你哋唔係成日都有嘅，點解嘅？,Fiona,Female,老闆(男),Curious,,,
150,3,14:56,15:14,"因爲……懶得整。 

因為佢都係阿爸教我整嘅，佢…. 因為要將兩條粉腸通埋一齊，係工序比較繁，所以有陣時我自己一個人做所有嘢，有時就真係未必得閒去顧咁多嘢囉。 ",老闆(男),Male,Fiona,Honest,,,
151,3,15:15,15:20,咁依家呢一站呢，就係嚟探我嘅好朋友 Tinna，亦都係 Teddy。,Fiona,Female,Audience,Narrative,,,
152,3,15:21,15:28,咁我係屬於 Drag Queen，即是我本身係一個男仔，但係當我上台啊，我就會係變咗一個女仔。,Teddy,Male,Audience,Informative,,,
153,3,15:29,15:45,喺台上佢係 Tinna，佢全港依家年紀最大嘅 Drag Queen，喺台下佢叫 Teddy，係一位男同性戀者，平日無騷嘅時候呢，就係一個 Bar Manager。咁佢就同男朋友開咗家 Pizza 店。 ,Fiona,Female,Audience,Narrative,,,
154,3,15:46,15:47,你介紹嚇李間Pizza 店先。,Fiona,Female,Andy (店主),Prompting,,,
155,3,15:47,15:59,嗨！我間 Pizza 店呢，嗱，就係呢個「大腸洲Long Island Sausage」，其實呢所有嘅腸呢，全部自己煙燻過啦、自己醃製啦，係家傳秘方啦。 ,Andy (店主),Male,Fiona,Proud,,,
156,3,16:00,16:09,就係我嘅男朋友 Andy 大廚喺入面喇，所有嘅肉都係佢整嘅。,Teddy,Male,Fiona,Supportive,,,
157,3,16:10,16:21,嗱我想講，因為我上次訪問呢，嚟長洲探咗啊 Tinna 同埋 Andy 啦，咁嗰時佢都話：「誒，我係想開番間餐廳。」依家終於成功開到喇！ ,Fiona,Female,"Audience, Teddy",Excited,,,
158,3,16:21,16:24,未有餐廳住，因為依家我哋係 Takeaway 嘅，但係唔可以坐低嘅。,Teddy,Male,Fiona,Correcting,,,
159,3,16:25,16:35,所以今次帶何爸特登嚟試呀！因為呢 Andy 我知道其實佢喺飲食業已經好多年喇，即是佢包括佢會識自己整喇，有開過餐廳。 ,Fiona,Female,Audience,Narrative,,,
160,3,16:36,16:43,其實我哋喺十幾年前，即是2013 年14 年呢，六間Fat Angelo’s呢全部執晒喇。,Teddy,Male,Fiona,Informative,,,
161,3,16:44,16:47,咁會唔會佢都算係做番以前嗰種嘅口味呢？,Fiona,Female,Teddy,Curious,,,
162,3,16:48,17:07,"嘿！呢個係我哋嘅 Family Business喇，我哋真係要一手一腳自己做喇。 

都有人喺香港裏面特登走入嚟搵我哋，「啊，哇，你啲 Pizza 好好食喎！我要一定要返嚟再食咁樣。」 咁我哋有個好大嘅滿足感其實呢。阿 Andy 呢已經係好大嘅滿足感。",Teddy,Male,Fiona,Passionate,,,
163,3,17:08,17:18,"Italian place for maybe have salami on the pizza, but I don't really like salami so pepperoni I think is better. Of course ham and pineapple is Asian favorite, not Italian. ",Andy (店主),Male,Audience,Professional,,,
164,3,17:19,17:36,"好，咁呢！依家就係我兩款嘅 Pizza 味喇！就係火腿菠蘿，咁個火腿都係 Andy 自己醃嘅。 

咁呢個就係青椒意大利肉腸同埋墨西哥辣椒，咁我哋可以試吓喇。 

我哋試咗個菠蘿先。 ",Fiona,Female,Audience,Narrative,,,
165,3,17:37,17:41,菠蘿啊，哇！呢個睇咗之後想食。哇，仲係熱個喂。,何爸,Male,Fiona,Excited,,,
166,3,17:43,18:10,"同埋你見佢個餅底呢，烘得好均勻，你睇吓。見唔見到呀？係一個手工 Pizza 嘅味道嚟架。好我哋試吓。 

個餅好脆喎！同埋我最欣賞呢，睇吓。 

啲中間嘅氣泡好薄，但係佢係脆嘅。同埋你見佢啲氣泡呢，呢啲先係手工 Pizza 嘅味道。即是連嗰個麵粉都係自己發啦、同埋自己搓呢。 ",Fiona,Female,Audience,Analytical,,,
167,3,18:12,18:15,哇！本地嘅姐姐都食得辣喎。,何爸,Male,街坊姐姐,Surprised,,,
168,3,18:16,18:19,唔係呀，人哋話佢呢度嘅辣係整得好食㗎。,街坊姐姐,Female,何爸,Informing,,,
169,3,18:19,18:21,哎呀，所以你就特登嚟喇！,Fiona,Female,街坊姐姐,Friendly,,,
170,3,18:21,18:23,係呀，我特登探完路先嚟試㗎。,街坊姐姐,Female,Fiona,Determined,,,
171,3,18:25,18:27,探索完先嚟試呀，哇！,何爸,Male,街坊姐姐,Amused,,,
172,3,18:30,18:33,個肚得咁大啦，梗係要揀好嘢食啦。,街坊姐姐,Female,何爸,Witty,,,
173,3,18:34,18:49,"我好鍾意食佢個餅底啊，大家如果你嚟長洲呢，可以支持吓佢哋，28蚊個餅底真係好食。 

餵，你食咁多，不如買個幫襯，我哋買個比個孫啦。 

係啊，聽日食咪得囉。 

我哋要一個芝士，我哋自己俾錢嘅，真金白銀支持。 ",Fiona,Female,"Audience, Teddy",Supportive,,,
174,3,18:51,18:51,多謝晒！,Teddy,Male,Fiona,Grateful,,,
175,3,18:53,18:55,好食！同埋我鍾意食佢個餅底。,Fiona,Female,Audience,Satisfied,,,
176,3,18:56,19:01,我地今朝九點鐘船入嚟，依家坐番五點鐘嘅船出去喇，都係快船嚟嘅。,Fiona,Female,Audience,Narrative,,,
177,3,19:02,19:11,買咗呢個海鮮，然後再去加工啦，去到一間叫做濤濤居嘅小店度加工。,何爸,Male,Audience,Summary,,,
178,3,19:11,19:18,我地買料都好抵喎，640蚊六樣嘢。最鍾意呢，荷花仔一夜情。,何爸,Male,Audience,Satisfied,,,
179,3,19:19,19:31,"同埋最後俾錢係730 蚊，咁我哋因為有 Hidee嘅男朋友啦，咁我哋 Total 五個人，咁就除番其實今次幾抵。 

都係可能多人啦又。 ",Fiona,Female,Audience,Informative,,,
180,3,19:32,19:33,加咗兩個又大腸喎。,何爸,Male,Fiona,Positive,,,
181,3,19:34,19:42,所以長洲冇我想像中咁貴，即食海鮮。即是都係算係我哋咁多集食海鮮嚟講算比較平。 ,Fiona,Female,Audience,Content,,,
182,3,19:43,19:43,平噶。,何爸,Male,Fiona,Agreement,,,
183,3,19:45,20:06,"咁我哋係啦，咁嚟緊呢都係會有即係多啲嘅小店報導啦，同埋好想帶大家去多啲我哋嘅私藏小店、我哋嘅飯堂。 

咁如果大家有啲咩建議我哋想去嘅行程或者小店呢，都歡迎話畀我聽同埋留言我哋嘅 IG 或者留言我哋嘅消息啦。 

咁我哋訂閱我哋嘅 Channel 啦，咁我哋下次再見喇。拜拜！",Fiona,Female,Audience,Friendly,,,
